2330,台積電,0.0,0.0
2317,鴻海,-5.52649886256,-5.52649886256
6505,台塑化,0.329332955294,-5.19716590726
2412,中華電,0.0,-5.19716590726
2882,國泰金,2.13592457628,-3.06124133098
2881,富邦金,6.28036610887,3.21912477789
2454,聯發科,-6.01422392906,-2.79509915117
1303,南亞,-1.35863115006,-4.15373030123
1301,台塑,0.0,-4.15373030123
2308,台達電,-2.0825848934,-6.23631519463
1326,台化,1.21729266434,-5.01902253029
3008,大立光,0.0,-5.01902253029
2002,中鋼,0.0,-5.01902253029
2891,中信金,0.787373802581,-4.23164872771
3045,台灣大,-0.589370406575,-4.82101913429
2311,日月光,-3.54793212384,-8.36895125813
2886,兆豐金,0.213954314195,-8.15499694393
2382,廣達,-0.924058109735,-9.07905505367
2474,可成,-1.04178145293,-10.1208365066
1216,統一,-0.3767579825,-10.4975944891
2207,和泰車,0.754692465948,-9.74290202315
2357,華碩,1.15691099615,-8.585991027
2912,統一超,-0.179537653793,-8.76552868079
4904,遠傳,-0.669470780134,-9.43499946093
2105,正新,0.560988,-8.87401146093
4938,和碩,-0.853337559536,-9.72734902046
2883,開發金,0.787649818182,-8.93969920228
3474,華亞科,-2.14843828856,-11.0881374908
2303,聯電,-0.216667683179,-11.304805174
2885,元大金,-0.517835076923,-11.8226402509
2892,第一金,0.474705401212,-11.3479348497
2880,華南金,0.322912056373,-11.0250227934
5880,合庫金,0.182514032381,-10.842508761
1402,遠東新,0.450787983383,-10.3917207776
2408,南亞科,-1.14361178776,-11.5353325654
2395,研華,-0.955510967955,-12.4908435333
1101,台泥,-0.938228482851,-13.4290720162
2325,矽品,-1.47258932864,-14.9016613448
3481,群創,-0.508814954534,-15.4104762993
2884,玉山金,0.361261075937,-15.0492152234
2409,友達,0.165035066254,-14.8841801571
2801,彰銀,-0.135733641047,-15.0199137982
2890,永豐金,0.0,-15.0199137982
1102,亞泥,-0.116055424161,-15.1359692224
9904,寶成,-0.399905397274,-15.5358746196
2887,台新金,0.0,-15.5358746196
2324,仁寶,-0.830590879719,-16.3664654993
2354,鴻準,0.0476075350943,-16.3188579643
2498,宏達電,-0.427051239551,-16.7459092038
1476,儒鴻,0.0,-16.7459092038
9910,豐泰,-0.960999614359,-17.7069088182
9921,巨大,-0.381066794513,-18.0879756127
2823,中壽,-0.154398123744,-18.2423737364
3034,聯詠,0.520284453012,-17.7220892834
2888,新光金,0.340475370348,-17.3816139131
2618,長榮航,1.33041822133,-16.0511956917
2301,光寶科,-0.479153557676,-16.5303492494
5871,F-中租,-0.407509257722,-16.9378585071
2227,裕日車,-0.409911581377,-17.3477700885
2610,華航,0.894594835928,-16.4531752526
4958,F-臻鼎,0.123015722845,-16.3301595297
2356,英業達,-0.0613935493987,-16.3915530791
2615,萬海,0.677700059645,-15.7138530195
2542,興富發,0.310696339632,-15.4031566799
9914,美利達,0.0510140198788,-15.35214266
2915,潤泰全,0.0649286283938,-15.2872140316
2603,長榮,0.535011215764,-14.7522028158
2347,聯強,-0.270846527043,-15.0230493429
3673,F-TPK,-0.646924721206,-15.6699740641
3231,緯創,-0.336724503315,-16.0066985674
9945,潤泰新,-0.0408285851264,-16.0475271525
2201,裕隆,-0.215476929231,-16.2630040817
3702,大聯大,-0.169945077347,-16.4329491591
5264,F-鎧勝,-0.344348940158,-16.7772980992
2353,宏碁,-0.368714960777,-17.14601306
2385,群光,0.192406889077,-16.9536061709
2049,上銀,-0.089013199668,-17.0426193706
2923,F-鼎固,1.02393504045,-16.0186843302
1504,東元,0.411899538641,-15.6067847915
1434,福懋,-0.0287924537853,-15.6355772453
1227,佳格,-0.196260837911,-15.8318380832
1722,台肥,-0.26392533481,-16.095763418
2834,臺企銀,0.0912588893204,-16.0045045287
1802,台玻,-0.363030452739,-16.3675349814
2451,創見,0.0,-16.3675349814
2448,晶電,-0.426377347941,-16.7939123294
2379,瑞昱,0.188995561188,-16.6049167682
2106,建大,-0.0840759158319,-16.688992684
1477,聚陽,-0.194747834182,-16.8837405182
2609,陽明,0.29378760972,-16.5899529085
2059,川湖,-0.129732982479,-16.719685891
6176,瑞儀,-0.342839726767,-17.0625256177
6239,力成,-0.186485328193,-17.2490109459
3682,亞太電,0.226255856716,-17.0227550892
3532,台勝科,0.966873393178,-16.055881696
3189,景碩,-0.271187864041,-16.3270695601
2327,國巨,0.0227694001231,-16.30430016
1590,F-亞德,0.261972491429,-16.0423276685
8454,富邦媒,0.0486728015947,-15.9936548669
9917,中保,0.186773196255,-15.8068816707
2606,裕民,-0.117810132426,-15.9246918031
9933,中鼎,-0.0516585204494,-15.9763503236
8150,南茂,0.0146841495991,-15.961666174
2344,華邦電,0.0,-15.961666174
2707,晶華,0.0,-15.961666174
2809,京城銀,0.206280272178,-15.7553859018
2634,漢翔,0.0,-15.7553859018
2204,中華,0.0,-15.7553859018
2903,遠百,0.1240727083,-15.6313131935
8046,南電,0.0,-15.6313131935
1789,神隆,-0.237628763077,-15.8689419566
9907,統一實,0.0,-15.8689419566
1723,中碳,0.0811811968,-15.7877607598
1717,長興,0.0176201478717,-15.7701406119
2449,京元電,0.0408880142602,-15.7292525976
2362,藍天,0.0236009858385,-15.7056516118
1605,華新,-0.0123203727549,-15.7179719845
2845,遠東銀,0.0492994403493,-15.6686725442
3044,健鼎,-0.124926450526,-15.7935989947
2812,台中銀,0.0493714363964,-15.7442275583
2501,國建,-0.0855286416754,-15.8297562
2392,正崴,-0.0175901307443,-15.8473463307
2377,微星,0.0,-15.8473463307
5522,遠雄,-0.0570728413867,-15.9044191721
2393,億光,0.0586554684746,-15.8457637036
3037,欣興,-0.0776840235533,-15.9234477272
2103,台橡,-0.25078013011,-16.1742278573
1507,永大,0.0282879107824,-16.1459399465
1440,南紡,0.0846855448276,-16.0612544017
2360,致茂,-0.0258406433773,-16.0870950451
2847,大眾銀,-0.0440704086486,-16.1311654537
2833,台壽保,-0.216310532914,-16.3474759866
2231,為升,0.0368683726452,-16.310607614
1314,中石化,-0.0796166372996,-16.3902242513
6005,群益證,-0.0406662565517,-16.4308905078
6285,啟碁,0.215452955385,-16.2154375525
2838,聯邦銀,-0.0420488302703,-16.2574863827
2337,旺宏,0.183123736828,-16.0743626459
2352,佳世達,-0.133697623188,-16.2080602691
2101,南港,0.0,-16.2080602691
6409,旭隼,0.233017078845,-15.9750431903
2867,三商壽,0.116440781003,-15.8586024092
6286,立錡,-0.10134534659,-15.9599477558
6269,台郡,-0.148705585021,-16.1086533409
2849,安泰銀,0.0257124096755,-16.0829409312
2889,國票金,-0.02779626131,-16.1107371925
1736,喬山,-0.03128100369,-16.1420181962
2855,統一證,0.0,-16.1420181962
9938,百和,-0.0715888686545,-16.2136070648
1710,東聯,0.0459962474317,-16.1676108174
2206,三陽,-0.0154263122202,-16.1830371296
2376,技嘉,0.0543340758442,-16.1287030538
2006,東鋼,-0.0172000185507,-16.1459030723
2015,豐興,0.0604196784466,-16.0854833939
2313,華通,0.160535839613,-15.9249475543
3576,新日光,-0.0582002788571,-15.9831478331
2355,敬鵬,0.0684696313458,-15.9146782018
6605,帝寶,0.0,-15.9146782018
2441,超豐,0.0492492143387,-15.8654289874
2458,義隆,-0.0751372924272,-15.9405662799
2727,王品,-0.0264331041391,-15.966999384
1707,葡萄王,-0.0444230418879,-16.0114224259
1319,東陽,-0.0506709663526,-16.0620933923
2511,太子,-0.0285490076336,-16.0906423999
1907,永豐餘,0.0861907716923,-16.0044516282
9940,信義,0.0211610959773,-15.9832905322
6415,F-矽力,0.103291793969,-15.8799987382
4733,上緯,0.347556401096,-15.5324423372
9941,裕融,0.0,-15.5324423372
1503,士電,0.0628734853497,-15.4695688518
5007,三星,0.0185451631162,-15.4510236887
1589,F-永冠,0.142373161704,-15.308650527
8422,可寧衛,-0.07386342,-15.382513947
1702,南僑,-0.244794763636,-15.6273087106
3060,銘異,0.0294949719149,-15.5978137387
1262,F-綠悅,-0.0506327630769,-15.6484465018
2548,華固,0.273768974904,-15.3746775269
1307,三芳,0.385875857944,-14.9888016689
6414,樺漢,0.0234861870307,-14.9653154819
1104,環泥,0.19073592,-14.7745795619
3036,文曄,0.09079586564,-14.6837836963
6116,彩晶,-0.12346322301,-14.8072469193
2312,金寶,-0.0249700131343,-14.8322169324
2608,大榮,0.0333937050627,-14.7988232273
1304,台聚,-0.0779131720821,-14.8767363994
3706,神達,0.0265416901002,-14.8501947093
2371,大同,-0.00807871607843,-14.8582734254
2637,F-慧洋,0.0650981763184,-14.7931752491
2607,榮運,-0.0546571548603,-14.8478324039
1210,大成,0.0254294693227,-14.8224029346
5534,長虹,0.0448649536723,-14.777537981
9930,中聯資,-0.0155983527094,-14.7931363337
2373,震旦行,0.0233687498155,-14.7697675838
1536,和大,0.392935852621,-14.3768317312
3022,威強電,-0.0448701513012,-14.4217018825
1229,聯華,0.0147233501422,-14.4069785324
2104,中橡,0.0374856938763,-14.3694928385
1409,新纖,0.0,-14.3694928385
2723,F-美食,-0.139923623459,-14.509416462
9939,宏全,0.0857102679102,-14.4237061941
1312,國喬,-0.107590317007,-14.5312965111
3035,智原,-0.0356100407407,-14.5669065518
4915,致伸,-0.162710493846,-14.7296170456
2856,元富證,0.0264373655172,-14.7031796801
8926,台汽電,0.0709910940541,-14.6321885861
4960,奇美材,0.0533986783857,-14.5787899077
2331,精英,-0.10458948836,-14.6833793961
6451,F-訊芯,-0.0358180956098,-14.7191974917
6206,飛捷,0.0229186208627,-14.6962788708
6166,凌華,-0.134914441805,-14.8311933126
1704,榮化,0.043826600201,-14.7873667124
2383,台光電,-0.0324079268053,-14.8197746392
6271,同欣電,0.0,-14.8197746392
2107,厚生,0.025795711608,-14.7939789276
6214,精誠,0.0814525433766,-14.7125263842
6282,康舒,0.026547495619,-14.6859788886
2023,燁輝,-0.0172469038017,-14.7032257924
2820,華票,0.0231593372385,-14.6800664552
2027,大成鋼,-0.013313631068,-14.6933800862
2504,國產,0.0,-14.6933800862
6412,群電,-0.00617653454545,-14.6995566208
5388,中磊,-0.0774266438746,-14.7769832647
9925,新保,-0.0131441848544,-14.7901274495
6120,達運,-0.113246175701,-14.9033736252
4532,瑞智,0.0,-14.9033736252
1234,黑松,0.0486845726316,-14.8546890526
1718,中纖,0.0465114116592,-14.8081776409
3376,新日興,0.0488671133098,-14.7593105276
2439,美律,-0.118200837282,-14.8775113649
3698,隆達,-0.0553103844324,-14.9328217493
2489,瑞軒,-0.0429240818182,-14.9757458311
2545,皇翔,0.0226927877201,-14.9530530434
1904,正隆,-0.019111986616,-14.97216503
3030,德律,0.0081316779085,-14.9640333521
1726,永記,0.0448452709707,-14.9191880812
5531,鄉林,0.0414525211173,-14.87773556
4137,F-麗豐,-0.0535513182609,-14.9312868783
3705,永信,-0.00874428914286,-14.9400311674
4994,傳奇,0.0151764869565,-14.9248546805
2905,三商,0.0583559059952,-14.8664987745
2520,冠德,-0.0430738695341,-14.909572644
2514,龍邦,0.0,-14.909572644
1313,聯成,0.0199879685356,-14.8895846755
1711,永光,-0.0679596891429,-14.9575443646
2547,日勝生,-0.0301424010224,-14.9876867657
2605,新興,-0.0291190479012,-15.0168058136
1905,華紙,0.167083301883,-14.8497225117
3545,敦泰,0.0491424734743,-14.8005800382
8213,志超,-0.0186833122412,-14.8192633504
3010,華立,0.0714942619826,-14.7477690885
6202,盛群,-0.0772494210169,-14.8250185095
6504,南六,-0.0855147742005,-14.9105332837
8016,矽創,-0.0198132650667,-14.9303465487
2534,宏盛,0.0,-14.9303465487
1532,勤美,0.0400148495706,-14.8903316992
3042,晶技,-0.0317437112195,-14.9220754104
1232,大統益,0.0276818010256,-14.8943936094
2329,華泰,-0.0138658539355,-14.9082594633
2208,台船,0.0,-14.9082594633
2450,神腦,0.0,-14.9082594633
9908,大台北,0.0,-14.9082594633
1201,味全,-0.00873165278008,-14.9169911161
3006,晶豪科,-0.0139005876106,-14.9308917037
3533,嘉澤,0.047917725,-14.8829739787
1419,新紡,0.0103801861224,-14.8725937926
4536,拓凱,-0.0466558602299,-14.9192496528
5907,F-大洋,0.00687976244068,-14.9123698904
9937,全國,-0.00534368763926,-14.917713578
2913,農林,-0.0341692690909,-14.9518828471
6278,台表科,0.0193432702297,-14.9325395769
3380,明泰,-0.0169371089655,-14.9494766858
2515,中工,0.00525322096257,-14.9442234649
3665,F-貿聯,0.0435492906667,-14.9006741742
1909,榮成,-0.0285362265693,-14.9292104008
1558,伸興,0.0,-14.9292104008
3005,神基,0.0793726346253,-14.8498377661
3023,信邦,-0.0351075823529,-14.8849453485
3443,創意,-0.0137701150843,-14.8987154636
8114,振樺電,-0.0666624336842,-14.9653778973
8131,福懋科,0.00761474693387,-14.9577631503
1451,年興,0.0,-14.9577631503
1103,嘉泥,-0.0530499997193,-15.01081315
3019,亞光,0.0384677485714,-14.9723454015
6277,宏正,-0.00411432343234,-14.9764597249
2908,特力,0.0,-14.9764597249
2332,友訊,0.0111446612048,-14.9653150637
5269,祥碩,-0.057944090343,-15.023259154
6257,矽格,-0.0310067189097,-15.054265873
4426,利勤,-0.0507722472727,-15.1050381202
1308,亞聚,-0.031843997193,-15.1368821174
2499,東貝,0.0277200808576,-15.1091620366
1537,廣隆,0.0699664620155,-15.0391955746
2704,國賓,-0.00630808650177,-15.0455036611
3450,聯鈞,-0.0389061274725,-15.0844097885
2841,台開,-0.141692407678,-15.2261021962
2524,京城,0.0,-15.2261021962
6153,嘉聯益,-0.0446795776,-15.2707817738
9905,大華,0.0210593785822,-15.2497223952
1729,必翔,-0.0627603211573,-15.3124827164
2014,中鴻,-0.0197470621398,-15.3322297785
5434,崇越,-0.0054427437224,-15.3376725222
1582,信錦,-0.0459444178042,-15.38361694
1444,力麗,0.0328301749282,-15.3507867651
2851,中再保,0.00969139344633,-15.3410953717
1110,東泥,0.0,-15.3410953717
1903,士紙,0.00900205305263,-15.3320933186
3026,禾伸堂,0.0115805922361,-15.3205127264
2368,金像電,-0.0563674130387,-15.3768801394
9802,F-鈺齊,-0.0742158878562,-15.4510960273
8039,台虹,-0.0411467060446,-15.4922427333
3703,欣陸,-0.0150932485714,-15.5073359819
2323,中環,0.0263165051309,-15.4810194768
2062,橋椿,-0.0113062443316,-15.4923257211
2328,廣宇,0.035710203871,-15.4566155172
3017,奇鋐,-0.0887981005348,-15.5454136178
2485,兆赫,-0.0795931692308,-15.625006787
1338,F-廣華,0.115670771703,-15.5093360153
1447,力鵬,-0.0148698320721,-15.5242058474
8215,明基材,0.022065317774,-15.5021405296
9942,茂順,0.0711126817391,-15.4310278478
2228,劍麟,0.0732856233708,-15.3577422245
1535,中宇,0.0,-15.3577422245
2597,潤弘,0.00465126912732,-15.3530909553
5203,訊連,0.0138793473639,-15.339211608
1513,中興電,0.0431798335857,-15.2960317744
2539,櫻花建,0.0041298945641,-15.2919018798
2492,華新科,-0.0581765333333,-15.3500784132
2034,允強,-0.0252573689941,-15.3753357822
3059,華晶科,0.0,-15.3753357822
2455,全新,0.00846849708945,-15.3668672851
1560,中砂,-0.0193658746708,-15.3862331597
3607,谷崧,0.0,-15.3862331597
2402,毅嘉,-0.0231303186789,-15.4093634784
2731,雄獅,0.0240572970992,-15.3853061813
1340,F-勝悅,-0.0299670782775,-15.4152732596
2536,宏普,-0.0564961806922,-15.4717694403
2497,怡利電,0.117353859686,-15.3544155806
3406,玉晶光,-0.0203000535698,-15.3747156342
2108,南帝,0.126449027252,-15.2482666069
2910,統領,0.0600012621187,-15.1882653448
1583,程泰,-0.0843192116461,-15.2725845564
8429,F-金麗,-0.0412586608219,-15.3138432173
2832,台產,0.0124045831405,-15.3014386341
1321,大洋,-0.00392083081794,-15.3053594649
2345,智邦,0.0,-15.3053594649
2401,凌陽,-0.0502036718644,-15.3555631368
3515,華擎,-0.00793043277108,-15.3634935696
1714,和桐,0.192164449113,-15.1713291205
9927,泰銘,0.0427419428571,-15.1285871776
2617,台航,-0.0143593324816,-15.1429465101
2706,第一店,0.00678823086247,-15.1361582792
2404,漢唐,-0.0446829393258,-15.1808412186
2406,國碩,0.0578550154745,-15.1229862031
2538,基泰,0.0141633006388,-15.1088229024
9943,好樂迪,0.0541007605479,-15.0547221419
2612,中航,-0.00881703962906,-15.0635391815
3596,智易,-0.0290664706043,-15.0926056521
3514,昱晶,-0.00696887150617,-15.0995745236
2349,錸德,0.0361845251282,-15.0633899985
2102,泰豐,-0.00779666563536,-15.0711866641
1614,三洋電,0.0185378847947,-15.0526487793
2374,佳能,-0.0241064557714,-15.0767552351
6213,聯茂,0.0,-15.0767552351
6115,鎰勝,0.00613226853392,-15.0706229666
2456,奇力新,0.0477196809907,-15.0229032856
1460,宏遠,-0.0161882527536,-15.0390915383
1310,台苯,0.00903103374593,-15.0300605046
3062,建漢,-0.0447181832258,-15.0747786878
2114,鑫永銓,-0.0346764130544,-15.1094551009
3704,合勤控,-0.0250382559517,-15.1344933568
4164,承業醫,-0.00446293092084,-15.1389562878
6230,超眾,-0.0498656,-15.1888218878
1808,潤隆,0.0,-15.1888218878
2367,燿華,-0.205682195269,-15.394504083
2850,新產,0.00544716594378,-15.3890569171
3437,榮創,0.0150148817712,-15.3740420353
2929,F-淘帝,-0.00986392525547,-15.3839059606
5471,松翰,-0.00288302184154,-15.3867889824
1708,東鹼,-0.0379912861002,-15.4247802685
5305,敦南,-0.0161104246154,-15.4408906931
4306,炎洲,0.0,-15.4408906931
9926,新海,0.045913169164,-15.394977524
1527,鑽全,-0.00789704223108,-15.4028745662
2340,光磊,0.00936760914286,-15.393506957
8081,致新,-0.0206297909213,-15.414136748
2010,春源,0.0,-15.414136748
3356,奇偶,-0.162894293333,-15.5770310413
3561,昇陽科,0.0383619516832,-15.5386690896
6192,巨路,0.012350711808,-15.5263183778
2351,順德,0.0188273045854,-15.5074910732
1337,F-再生,0.0,-15.5074910732
3149,正達,-0.0636228470922,-15.5711139203
4141,F-龍燈,0.0261539983673,-15.5449599219
5243,F-乙盛,-0.00619104309179,-15.551150965
4526,東台,-0.0257025374497,-15.5768535025
6177,達麗,0.0117358109767,-15.5651176915
2316,楠梓電,-0.0749995563482,-15.6401172479
1715,萬洲,-0.027131175914,-15.6672484238
2836,高雄銀,0.0280405135642,-15.6392079102
2420,新巨,-0.0259673560166,-15.6651752662
6184,大豐電,0.0,-15.6651752662
4725,信昌化,-0.02002602496,-15.6852012912
4906,正文,-0.0162605217391,-15.7014618129
1604,聲寶,0.00903362318841,-15.6924281897
5608,四維航,0.00691728935933,-15.6855109004
3653,健策,-0.0289278802339,-15.7144387806
9924,福興,0.0228107197892,-15.6916280608
1522,堤維西,0.0104580708668,-15.68116999
2505,國揚,0.0429156905923,-15.6382542994
2614,東森,-0.0469547850718,-15.6852090844
8070,長華,-0.0105522043871,-15.6957612888
3041,揚智,0.0207950161702,-15.6749662727
2029,盛餘,0.0333504792661,-15.6416157934
6189,豐藝,-0.00309026253521,-15.6447060559
3504,揚明光,-0.0310131860645,-15.675719242
1773,勝一,0.0768717031983,-15.5988475388
2390,云辰,-0.074998455156,-15.6738459939
3266,昇陽,0.0182584812308,-15.6555875127
2387,精元,-0.0370281374413,-15.6926156502
1521,大億,0.0,-15.6926156502
1339,昭輝,-0.0130443125828,-15.7056599627
1215,卜蜂,0.0125948282771,-15.6930651345
2436,偉詮電,0.0,-15.6930651345
3454,晶睿,-0.0353572896552,-15.7284224241
1720,生達,-0.0153130582677,-15.7437354824
2433,互盛電,-0.00499193924488,-15.7487274216
3003,健和興,0.0892128524829,-15.6595145691
1305,華夏,-0.0240610237762,-15.6835755929
6197,佳必琪,0.0594751166667,-15.6241004763
9911,櫻花,-0.014185369441,-15.6382858457
4142,國光生,-0.00817291783394,-15.6464587635
3519,綠能,0.0109194744526,-15.6355392891
2601,益航,0.0130842682216,-15.6224550209
5469,瀚宇博,0.0307076134708,-15.5917474074
8427,F-基勝,0.0673941139394,-15.5243532934
1455,集盛,0.0,-15.5243532934
8110,華東,-0.0341714654264,-15.5585247589
9918,欣天然,0.0123570765488,-15.5461676823
6281,全國電,0.0,-15.5461676823
4935,F-茂林,-0.0119964913525,-15.5581641737
1608,華榮,0.00653169126761,-15.5516324824
2527,宏璟,0.0,-15.5516324824
3033,威健,0.0,-15.5516324824
1734,杏輝,-0.0247608496552,-15.5763933321
8404,F-百和,-0.00751900146597,-15.5839123335
2109,華豐,-0.00525544313725,-15.5891677767
1701,中化,0.0205243918841,-15.5686433848
8210,勤誠,-0.0123784018824,-15.5810217867
4919,新唐,-0.00356789642249,-15.5845896831
2472,立隆電,-0.031541721261,-15.6161314044
2701,萬企,0.0,-15.6161314044
1712,興農,0.0462263835097,-15.5699050208
8411,F-福貞,0.0,-15.5699050208
8163,達方,0.0,-15.5699050208
3014,聯陽,0.0,-15.5699050208
3015,全漢,0.00404421795276,-15.5658608029
4104,佳醫,-0.0116037061597,-15.577464509
1109,信大,-0.0144736254152,-15.5919381345
1203,味王,0.00415546666667,-15.5877826678
6702,興航,0.0,-15.5877826678
3501,維熹,0.00595365042424,-15.5818290174
5538,F-東明,0.0260674663473,-15.555761551
6224,聚鼎,0.00552795794286,-15.5502335931
2816,旺旺保,0.0324870662687,-15.5177465268
2540,愛山林,0.0253264757895,-15.492420051
2428,興勤,0.00656185963636,-15.4858581914
1315,達新,0.00684986533808,-15.479008326
2506,太設,0.0132514812457,-15.4657568448
1709,和益,0.00738320124031,-15.4583736436
3057,喬鼎,0.00551642736536,-15.4528572162
9934,成霖,0.0121079412141,-15.440749275
4746,台耀,-0.00576831902588,-15.446517594
2421,建準,-0.00428390836364,-15.4508015024
2464,盟立,0.0,-15.4508015024
1525,江申,0.0117441652393,-15.4390573371
1442,名軒,0.01113000192,-15.4279273352
3049,和鑫,0.0,-15.4279273352
2369,菱生,0.00654264964539,-15.4213846856
1231,聯華食,-0.00511087867036,-15.4264955642
1733,五鼎,-0.0167729745455,-15.4432685388
3645,達邁,-0.0880368308629,-15.5313053696
5533,皇鼎,0.00886499555556,-15.5224403741
2013,中鋼構,0.0172143909944,-15.5052259831
2481,強茂,-0.0130362925714,-15.5182622757
1737,臺鹽,-0.00684946354717,-15.5251117392
4934,太極,0.046868981784,-15.4782427574
3617,碩天,0.0220811586544,-15.4561615988
1416,廣豐,0.00507060314607,-15.4510909956
2397,友通,0.00593794315789,-15.4451530525
3130,一零四,-0.0391205666873,-15.4842736192
4144,F-康聯,-0.0213709714286,-15.5056445906
2530,華建,-0.018499362487,-15.5241439531
1533,車王電,0.0522175789397,-15.4719263741
2363,矽統,0.0,-15.4719263741
6191,精成科,0.00547342865365,-15.4664529455
2031,新光鋼,0.0767496626087,-15.3897032829
2430,燦坤,-0.0143527631579,-15.404056046
3048,益登,-0.00899637113402,-15.4130524172
3383,新世紀,-0.0117649008814,-15.424817318
8996,高力,-0.002776516608,-15.4275938347
9946,三發,-0.0211267317551,-15.4487205664
2476,鉅祥,0.0155157352518,-15.4332048312
2495,普安,-0.0333631169061,-15.4665679481
1459,聯發,0.0617899826087,-15.4047779655
6196,帆宣,-0.0168420238411,-15.4216199893
8021,尖點,-0.00270403572568,-15.424324025
5288,F-豐祥,0.0436966597938,-15.3806273652
3583,辛耘,0.0,-15.3806273652
4952,凌通,0.0112029890583,-15.3694243762
4942,嘉彰,-0.0130562927445,-15.3824806689
8112,至上,0.0,-15.3824806689
4930,燦星網,0.0774919711911,-15.3049886977
1219,福壽,0.0053776627451,-15.299611035
1786,科妍,-0.0515566942609,-15.3511677292
8101,華冠,-0.0213338045217,-15.3725015338
4119,旭富,-0.0166608051537,-15.3891623389
2426,鼎元,0.0519819888372,-15.3371803501
4999,鑫禾,-0.00508064603774,-15.3422609961
2852,第一保,0.00521470326797,-15.3370462928
2012,春雨,-0.00988049040248,-15.3469267833
1473,台南,0.0396447006211,-15.3072820826
1611,中電,0.0067902093617,-15.3004918733
5525,順天,0.00423990930481,-15.296251964
3518,柏騰,-0.0144156916364,-15.3106676556
8105,凌巨,-0.00753948784689,-15.3182071434
1902,台紙,0.00694164299559,-15.3112655005
2459,敦吉,0.0136851994045,-15.297580301
2478,大毅,-0.00447365668571,-15.3020539577
3090,日電貿,0.00545567888502,-15.2965982788
2457,飛宏,0.0047870976,-15.2918111812
1464,得力,0.101465655652,-15.1903455256
1218,泰山,-0.0241210344186,-15.21446656
3311,閎暉,0.00323396150628,-15.2112325985
2535,達欣工,0.0,-15.2112325985
1108,幸福,0.00694959493213,-15.2042830036
1519,華城,0.0,-15.2042830036
8072,陞泰,-0.0271833713274,-15.2314663749
5225,F-東科,-0.0163825117867,-15.2478488867
3598,奕力,0.0,-15.2478488867
2466,冠西電,0.00474615041991,-15.2431027363
1225,福懋油,-0.00376157379653,-15.2468643101
4106,雃博,-0.0523679464727,-15.2992322565
6139,亞翔,-0.00967220689655,-15.3089044634
4977,F-眾達,-0.0103074789364,-15.3192119424
4108,懷特,-0.0278798288931,-15.3470917713
8271,宇瞻,0.00235498396197,-15.3447367873
1233,天仁,0.0015652404666,-15.3431715468
3028,增你強,0.0110506178894,-15.3321209289
5515,建國,-0.0181741566942,-15.3502950856
1530,亞崴,0.0143220542951,-15.3359730313
1531,高林股,0.0394422262754,-15.2965308051
1603,華電,-0.00591900617886,-15.3024498112
2115,F-六暉,-0.0152221305263,-15.3176719418
3605,宏致,-0.0356286098551,-15.3533005516
6183,關貿,0.0155537467148,-15.3377468049
5234,達興,-0.00323329461187,-15.3409800995
3686,達能,0.0118667503797,-15.3291133491
8261,富鼎,0.0710366091228,-15.25807674
1452,宏益,-0.00912573071895,-15.2672024707
2722,夏都,0.00460297846154,-15.2625994923
3013,晟銘電,-0.0512314838261,-15.3138309761
1806,冠軍,0.0029940900216,-15.3108368861
5521,工信,-0.0059496295279,-15.3167865156
3305,昇貿,-0.00418325398176,-15.3209697696
2705,六福,-0.0112350249796,-15.3322047946
2480,敦陽科,0.00460297846154,-15.3276018161
2437,旺詮,-0.0145352919149,-15.342137108
1446,宏和,0.0215356514186,-15.3206014566
1217,愛之味,-0.00335292623313,-15.3239543828
2642,宅配通,-0.0130574663779,-15.3370118492
2419,仲琦,0.0,-15.3370118492
8103,瀚荃,0.0104775968872,-15.3265342523
3591,艾笛森,-0.0110168186047,-15.3375510709
1810,和成,0.0,-15.3375510709
3661,F-世芯,-0.00215811777049,-15.3397091887
9944,新麗,-0.00181329454545,-15.3415224833
2020,美亞,0.0133769152218,-15.328145568
1592,F-英瑞,0.0,-15.328145568
2509,全坤建,0.00787351578947,-15.3202720522
9931,欣高,-0.00177118251366,-15.3220432348
3416,融程電,0.0020750523871,-15.3199681824
2030,彰源,0.0516491141606,-15.2683190682
2486,一詮,0.0,-15.2683190682
3679,新至陞,-0.00549057789247,-15.2738096461
2493,揚博,0.00197287576324,-15.2718367703
1626,F-艾美,0.00844390826667,-15.2633928621
1609,大亞,0.0,-15.2633928621
3056,總太,-0.00595551241706,-15.2693483745
2009,第一銅,0.00124043781095,-15.2681079367
6251,定穎,0.014840952381,-15.2532669843
2484,希華,-0.0269426335512,-15.2802096178
6168,宏齊,0.0105446455014,-15.2696649723
6209,今國光,-0.0138895050228,-15.2835544774
8011,台通,-0.00886822623907,-15.2924227036
5519,隆大,0.00894647529412,-15.2834762283
3257,虹冠電,0.00759264049922,-15.2758835878
2365,昆盈,-0.0103993217094,-15.2862829095
2359,所羅門,0.0202086905263,-15.266074219
1437,勤益控,-0.0138309171347,-15.2799051361
2911,麗嬰房,0.0,-15.2799051361
2477,美隆電,-0.0121078346488,-15.2920129708
2467,志聖,-0.00275120551724,-15.2947641763
3209,全科,-0.00889134026746,-15.3036555166
1612,宏泰,0.0,-15.3036555166
1517,利奇,-0.00391683590759,-15.3075723525
2314,台揚,-0.00467244598425,-15.3122447985
2007,燁興,-0.00432657411765,-15.3165713726
6128,上福,-0.00469244654155,-15.3212638191
1457,宜進,-0.00227957028571,-15.3235433894
1323,永裕,0.0141083160976,-15.3094350733
2414,精技,-0.0137849615385,-15.3232200348
8249,菱光,-0.00872887278311,-15.3319489076
6108,競國,-0.00819307657702,-15.3401419842
2906,高林,0.0,-15.3401419842
1432,大魯閣,-0.0056258625641,-15.3457678468
1463,強盛,0.0090088680663,-15.3367589787
1417,嘉裕,-0.00651207351874,-15.3432710522
2022,聚亨,-0.00373343833622,-15.3470044906
2425,承啟,-0.0148054564948,-15.3618099471
6136,富爾特,-0.003989248,-15.3657991951
2405,浩鑫,-0.008336905,-15.3741361001
1309,台達化,0.0,-15.3741361001
5607,遠雄港,0.00580852043956,-15.3683275796
5285,界霖,0.00350824353982,-15.3648193361
3573,穎台,-0.0119540821918,-15.3767734183
3031,佰鴻,-0.01994624,-15.3967196583
3052,夆典,0.0153659922963,-15.381353666
6112,聚碩,-0.0109508768627,-15.3923045428
9906,欣巴巴,0.00240007327103,-15.3899044696
5706,鳳凰,0.00422976399168,-15.3856747056
2008,高興昌,-0.00473143367442,-15.3904061392
1725,元禎,0.0410286582278,-15.349377481
6145,勁永,-0.0119797237237,-15.3613572047
4737,華廣,-0.0140628166906,-15.3754200214
1436,華友聯,0.0,-15.3754200214
3167,大量,-0.0062173394402,-15.3816373609
3040,遠見,0.0,-15.3816373609
2483,百容,0.00585116516129,-15.3757861957
1236,宏亞,0.00375686462136,-15.3720293311
1762,中化生,-0.0236590591304,-15.3956883902
4722,國精化,-0.00735100790274,-15.4030393981
1809,中釉,0.00973646969492,-15.3933029284
2616,山隆,0.00390783477551,-15.3893950936
3055,蔚華科,0.00446349426573,-15.3849315994
2537,聯上發,0.00428708778281,-15.3806445116
6131,悠克,0.0213062109091,-15.3593383007
3559,全智科,-0.0119935365517,-15.3713318372
2423,固緯,-0.00678658653659,-15.3781184238
2338,光罩,0.00454221306931,-15.3735762107
2461,光群雷,-0.00300514543046,-15.3765813561
3164,景岳,-0.00459133517707,-15.3811726913
3622,洋華,-0.0128913909091,-15.3940640822
9919,康那香,-0.00338639522388,-15.3974504775
6405,悅城,-0.00224676045056,-15.3996972379
3494,誠研,0.0,-15.3996972379
1783,和康生,-0.0176689133858,-15.4173661513
1713,國化,0.00261061082353,-15.4147555405
1506,正道,0.0042267032381,-15.4105288372
2417,圓剛,-0.00674986828897,-15.4172787055
6422,F-君耀,-0.00119946983784,-15.4184781754
6449,鈺邦,-0.0112513649577,-15.4297295403
3584,介面,-0.00708833322314,-15.4368178735
5215,F-科嘉,-0.0156277614577,-15.452445635
2431,聯昌,-0.0131374578556,-15.4655830928
3094,聯傑,-0.0113601101987,-15.476943203
3338,泰碩,-0.010691405651,-15.4876346087
1467,南緯,-0.00559547986799,-15.4932300886
1817,凱撒衛,0.00251547537092,-15.4907146132
4755,三福化,0.00464077664234,-15.4860738366
4976,佳凌,0.0,-15.4860738366
3054,萬國,-0.00548739353712,-15.4915612301
2712,遠雄來,-0.00362658909091,-15.4951878192
2462,良得電,0.0,-15.4951878192
3004,豐達科,-0.000904641415929,-15.4960924606
3047,訊舟,0.00342173991632,-15.4926707207
6201,亞弘電,-0.0046290330566,-15.4972997537
6205,詮欣,0.0,-15.4972997537
8443,阿瘦,-0.00231015774011,-15.4996099115
3032,偉訓,-0.00529141519651,-15.5049013267
1724,台硝,0.0347836337875,-15.4701176929
6216,居易,-0.00131225263158,-15.4714299455
3694,海華,0.0497496334884,-15.421680312
2901,欣欣,-0.00875453942122,-15.4304348514
1466,聚隆,0.0,-15.4304348514
4916,事欣科,-0.0104401392145,-15.4408749907
3058,立德,0.00296077,-15.4379142207
3229,晟鈦,0.00416704178273,-15.4337471789
1568,倉佑,0.00869748837209,-15.4250496905
3579,尚志,0.00397863829787,-15.4210710522
2017,官田鋼,0.00396070239714,-15.4171103498
1618,合機,0.00662605469852,-15.4104842951
2460,建通,-0.017334232381,-15.4278185275
6155,鈞寶,0.01019252864,-15.4176259989
9955,佳龍,0.024945173598,-15.3926808253
4414,如興,0.002243952,-15.3904368733
4956,光鋐,0.0,-15.3904368733
2443,新利虹,-0.00251071552448,-15.3929475888
3296,勝德,0.0,-15.3929475888
1727,中華化,0.0254186699487,-15.3675289188
1540,喬福,0.00293205598344,-15.3645968629
1325,恆大,-0.00346255022005,-15.3680594131
1454,台富,0.00940226801347,-15.3586571451
1514,亞力,-0.00207898876133,-15.3607361338
1528,恩德,-0.00308585327354,-15.3638219871
1731,美吾華,-0.0135372841967,-15.3773592713
2516,新建,0.00246059098927,-15.3748986803
4133,亞諾法,-0.00920253717682,-15.3841012175
6152,百一,0.00296145048035,-15.381139767
2380,虹光,0.00533393833708,-15.3758058287
3046,建碁,-0.017951616,-15.3937574447
2305,全友,0.0171508238567,-15.3766066208
1515,力山,0.0,-15.3766066208
1468,昶和,0.0389782773333,-15.3376283435
1316,上曜,-0.00291789973799,-15.3405462432
1220,台榮,0.0,-15.3405462432
2904,匯僑,0.00721078100719,-15.3333354622
2546,根基,0.00738341480663,-15.3259520474
2342,茂矽,0.00257243174603,-15.3233796156
3669,圓展,0.00168815833333,-15.3216914573
6215,和椿,-0.00140314458874,-15.3230946019
9958,世紀鋼,0.00315980039604,-15.3199348015
3588,通嘉,0.0,-15.3199348015
1730,花仙子,-0.000906647272727,-15.3208414488
1410,南染,0.00123220015444,-15.3196092486
1465,偉全,-0.00173445565217,-15.3213437043
2543,皇昌,0.0,-15.3213437043
2415,錩新,-0.00470476422604,-15.3260484685
2442,新美齊,-0.00497668562376,-15.3310251541
2611,志信,0.00297775620853,-15.3280473979
2488,漢平,-0.01495968,-15.3430070779
3029,零壹,-0.0278559558621,-15.3708630338
1414,東和,0.00304633483636,-15.3678166989
6243,迅杰,-0.0100730510621,-15.37788975
6164,華興,-0.00202679535484,-15.3799165454
2413,環科,-0.035274055302,-15.4151906007
3038,全台,0.00311979651282,-15.4120708042
1470,大統染,0.0,-15.4120708042
6142,友勁,0.0,-15.4120708042
2375,智寶,-0.011140187234,-15.4232109914
2613,中櫃,0.0,-15.4232109914
3024,憶聲,-0.000964613245902,-15.4241756046
1471,首利,-0.00138450371765,-15.4255601083
9902,台火,0.0,-15.4255601083
1541,錩泰,-0.00133589136259,-15.4268959997
2399,映泰,0.000610814107709,-15.4262851856
2427,三商電,-0.00323875117581,-15.4295239368
4984,F-科納,-0.010754796973,-15.4402787338
6141,柏承,-0.00225729053498,-15.4425360243
2528,皇普,0.00210969846154,-15.4404263258
3315,宣昶,-0.0141859034483,-15.4546122293
1469,理隆,0.00406451683019,-15.4505477124
8374,羅昇,0.00152132338983,-15.4490263891
9928,中視,0.0,-15.4490263891
8033,雷虎,-0.00218035821862,-15.4512067473
3593,力銘,0.00192209221818,-15.4492846551
1906,寶隆,-0.00515683278049,-15.4544414878
3027,盛達,-0.00162139680982,-15.4560628846
3016,嘉晶,0.0,-15.4560628846
2702,華園,0.00156677413897,-15.4544961105
3419,譁裕,-0.00208273991968,-15.4565788504
6117,迎廣,0.00300963976331,-15.4535692107
2032,新鋼,0.00454133142857,-15.4490278792
2302,麗正,-0.00554678531702,-15.4545746645
1616,億泰,-0.00333326203209,-15.4579079266
1439,中和,-0.00781592476489,-15.4657238513
3002,歐格,0.0,-15.4657238513
2453,凌群,-0.0017254532872,-15.4674493046
3550,聯穎,-0.00147531360947,-15.4689246182
1445,大宇,0.00240730482759,-15.4665173134
1423,利華,0.00242823791304,-15.4640890755
2025,千興,0.00981729,-15.4542717855
2440,太空梭,0.0095741952,-15.4446975903
3021,鴻名,-0.00368238276923,-15.4483799731
3308,聯德,-0.0151703797183,-15.4635503528
1235,興泰,-0.000960525901639,-15.4645108787
1524,耿鼎,0.0205975457959,-15.4439133329
2038,海光,-0.00584412127389,-15.4497574542
1539,巨庭,-0.00651995738499,-15.4562774116
3432,台端,0.00560988,-15.4506675316
6133,金橋,0.00201292330275,-15.4486546083
2444,友旺,-0.00441762362416,-15.4530722319
3312,弘憶股,0.0,-15.4530722319
1615,大山,-0.00192306798206,-15.4549952999
1472,三洋紡,-0.00809139924528,-15.4630866991
1474,弘裕,0.00313351682672,-15.4599531823
5259,清惠,0.00122177823362,-15.458731404
8222,寶一,-0.00927230616216,-15.4680037102
8940,新天地,0.00113751766578,-15.4668661925
6431,F-光麗,0.0,-15.4668661925
1735,日勝化,0.00173087206612,-15.4651353205
1617,榮星,0.00302887348148,-15.462106447
2424,隴華,-0.00156067908397,-15.4636671261
2465,麗臺,0.00364314885845,-15.4600239772
2482,連宇,-0.00213900697051,-15.4621629842
3050,鈺德,0.0,-15.4621629842
1213,大飲,0.0,-15.4621629842
8201,無敵,0.0,-15.4621629842
6165,捷泰,-0.00160723834711,-15.4637702225
9935,慶豐富,-0.00324259730481,-15.4670128198
5484,慧友,0.0244368688962,-15.4425759509
3535,晶彩科,-0.00271669218638,-15.4452926431
1512,瑞利,0.0,-15.4452926431
3011,今皓,-0.00461231513185,-15.4499049583
1613,台一,-0.000699868070175,-15.4506048263
3018,同開,-0.00341378190709,-15.4540186082
2438,翔耀,0.0,-15.4540186082
1324,地球,-0.00379573970149,-15.4578143479
2024,志聯,-0.000347780594872,-15.4581621285
3025,星通,-0.00119243826087,-15.4593545668
1418,東華,-0.00268184739496,-15.4620364142
1443,立益,0.00745436122628,-15.454582053
6235,華孚,0.00331943369985,-15.4512626193
6226,光鼎,0.0,-15.4512626193
1526,日馳,-0.000849359120879,-15.4521119784
2468,華經,-0.0012124185098,-15.4533243969
1441,大東,0.00156974606506,-15.4517546508
1435,中福,-0.00655510234742,-15.4583097532
1721,三晃,-0.00126776949153,-15.4595775227
1449,佳和,0.0186727713056,-15.4409047514
2471,資通,0.00729127260504,-15.4336134788
2033,佳大,0.00304130788119,-15.4305721709
2358,廷鑫,0.0,-15.4305721709
1453,大將,0.00381325176471,-15.4267589191
6283,淳安,-0.00620667574468,-15.4329655949
9912,偉聯,0.000920595692308,-15.4320449992
3557,嘉威,-0.00221624888889,-15.4342612481
5906,F-台南,0.00578809809388,-15.42847315
1805,寶徠,-0.00054835024055,-15.4290215002
2491,吉祥全,-0.00590999703704,-15.4349314972
1438,裕豐,0.00179484945227,-15.4331366478
1413,宏洲,0.00464480199377,-15.4284918458
1538,正峰新,-0.0052240152381,-15.433715861
1732,毛寶,0.00144537971014,-15.4322704813
1475,本盟,0.00774383435294,-15.424526647



上櫃公司股票篩選


