排名,代號,名稱,持股資料年度,政府機構(%),僑外投資(%),本國金融機構(%),本國法人(%),本國個人(%),庫藏股票(%)
21,2207,和泰車,2014,0.1%,23%,0%,64.5%,12.4%,0%
31,3481,群創,2014,0.1%,28.4%,6%,25.3%,40.2%,0%
102,2327,國巨,2014,0.1%,63.2%,1.4%,4.2%,30.5%,0.7%
122,3105,穩懋,2014,0.1%,4.1%,10.3%,11.4%,74.1%,0%
135,1605,華新,2014,0.1%,29.7%,1.8%,10.9%,56.8%,0.7%
137,3044,健鼎,2014,0.1%,45.5%,9.1%,16.9%,28.5%,0%
153,2838,聯邦銀,2014,0.1%,3%,0.2%,77.9%,18.8%,0%
162,2101,南港,2014,0.1%,10.8%,1.7%,38.9%,43.3%,5.2%
182,6116,彩晶,2014,0.1%,11.5%,1.1%,21.4%,65.9%,0%
191,1736,喬山,2015,0.1%,7.2%,2.1%,3.5%,87.1%,0%
218,2607,榮運,2014,0.1%,4.4%,1%,50.2%,44.3%,0%
228,5534,長虹,2014,0.1%,16.6%,9.3%,45.2%,28.8%,0%
230,2331,精英,2015,0.1%,18.5%,0%,48.4%,33%,0%
231,3022,威強電,2014,0.1%,6%,5.9%,11.3%,76.7%,0%
236,2371,大同,2014,0.1%,15.8%,7.4%,14%,62.7%,0%
254,5263,智崴,2015,0.1%,3.4%,4.7%,25.7%,66%,0%
284,3010,華立,2014,0.1%,21%,7.1%,21%,50.8%,0%
292,9908,大台北,2014,0.1%,3.7%,12.4%,44.9%,38.9%,0%
363,3703,欣陸,2014,0.1%,28.7%,0.5%,31.7%,39%,0%
367,5434,崇越,2014,0.1%,15.5%,8.1%,2.7%,73.6%,0%
375,9905,大華,2015,0.1%,4.8%,8%,42.4%,44.7%,0%
391,2841,台開,2014,0.1%,8.9%,5.6%,22.7%,57.8%,4.9%
397,3607,谷崧,2014,0.1%,8.5%,11.2%,0.5%,79.7%,0%
404,1310,台苯,2014,0.1%,7.4%,1.7%,13.7%,77%,0%
414,2345,智邦,2014,0.1%,21%,3.4%,13.4%,62.2%,0%
417,3059,華晶科,2014,0.1%,19.7%,2.2%,22.2%,53.9%,2.1%
449,4306,炎洲,2015,0.1%,5.1%,0%,22.9%,71.5%,0.5%
463,3515,華擎,2014,0.1%,1.5%,8.3%,65.7%,24.3%,0%
471,2340,光磊,2014,0.1%,19.4%,0.5%,8.7%,71.3%,0%
472,2367,燿華,2014,0.1%,13.7%,0%,15.3%,70.4%,0.5%
474,2114,鑫永銓,2015,0.1%,2.8%,9.9%,19.4%,67.8%,0%
475,8081,致新,2014,0.1%,21.1%,13.3%,21.5%,43.9%,0%
485,2029,盛餘,2014,0.1%,67.3%,3.2%,2.2%,27.1%,0%
508,2387,精元,2014,0.1%,32.3%,0%,11.6%,55.5%,0.5%
512,4736,泰博,2015,0.1%,12.9%,4%,11.3%,71.7%,0%
518,4935,F-茂林,2014,0.1%,27.2%,0.3%,19.3%,45.9%,7.2%
529,3088,艾訊,2015,0.1%,21.1%,14.3%,28.3%,36.2%,0%
539,1608,華榮,2014,0.1%,5.5%,0%,38.7%,55.7%,0%
565,1442,名軒,2014,0.1%,2.1%,0.5%,29%,68.5%,0%
576,6702,興航,2015,0.1%,11.9%,7.9%,53.2%,26.9%,0%
611,1733,五鼎,2014,0.1%,7.4%,25.2%,6.3%,60.9%,0%
612,3015,全漢,2014,0.1%,15.1%,2.4%,16%,66.3%,0%
648,2459,敦吉,2014,0.1%,18%,0%,4.9%,77%,0%
650,6191,精成科,2014,0.1%,4.5%,0%,46.8%,48.6%,0%
701,1233,天仁,2014,0.1%,6%,0.6%,34.7%,58.6%,0%
739,4106,雃博,2014,0.1%,1%,0.3%,36.7%,61.9%,0%
893,1809,中釉,2014,0.1%,2.7%,0%,1.3%,96%,0%
968,4527,方土霖,2014,0.1%,4.2%,2.3%,26%,67.4%,0%
969,1466,聚隆,2014,0.1%,0.6%,0.9%,15.5%,83%,0%
1102,5315,光聯,2014,0.1%,0.6%,0%,6.5%,92.7%,0%
1179,4188,安克,2015,0.1%,0.1%,0%,49.4%,50.3%,0%
4,6505,台塑化,2014,0.2%,7.8%,0.9%,88.4%,2.7%,0%
12,2308,台達電,2014,0.2%,75.3%,8.3%,1.4%,14.8%,0%
64,3673,F-TPK,2014,0.2%,53.2%,4%,2.3%,40.3%,0%
81,2353,宏碁,2014,0.2%,21.7%,0.7%,5.3%,69.8%,2.3%
97,1802,台玻,2015,0.2%,10.1%,6.6%,65.2%,17.9%,0%
170,2723,F-美食,2014,0.2%,58.7%,8.6%,3.7%,28.7%,0%
171,2313,華通,2015,0.2%,22.4%,3.7%,7.7%,66.1%,0%
266,1726,永記,2014,0.2%,2.8%,7.5%,29.9%,59.6%,0%
394,9951,皇田,2014,0.2%,3.9%,11.3%,35%,49.6%,0%
411,2404,漢唐,2014,0.2%,26.4%,0.3%,8.2%,64.9%,0%
440,2850,新產,2014,0.2%,4.9%,9.9%,44.5%,40.4%,0%
466,1604,聲寶,2014,0.2%,13.4%,0.1%,19.3%,65%,2%
482,1773,勝一,2015,0.2%,1.5%,2.2%,47.5%,48.7%,0%
578,6107,華美,2014,0.2%,7.3%,1.4%,47.1%,44%,0%
732,1806,冠軍,2014,0.2%,17.9%,0.3%,23.1%,58.4%,0%
754,2509,全坤建,2014,0.2%,2.7%,1.7%,48.3%,47.1%,0%
808,1517,利奇,2014,0.2%,4.7%,1.4%,0.9%,92.8%,0%
40,1101,台泥,2014,0.3%,39.2%,14.3%,26.9%,19.4%,0%
42,2884,玉山金,2014,0.3%,53.4%,7.3%,13%,26%,0%
161,8076,伍豐,2014,0.3%,2.9%,1%,4.2%,90.2%,1.3%
163,2337,旺宏,2014,0.3%,11.2%,1.3%,2.9%,84.2%,0%
172,6414,樺漢,2015,0.3%,16.6%,9%,47.8%,26.4%,0%
174,2206,三陽,2014,0.3%,9%,1.8%,47.8%,41.1%,0%
215,2373,震旦行,2014,0.3%,7.8%,1.9%,67.5%,22.5%,0%
221,1409,新纖,2014,0.3%,11.5%,7.1%,32.7%,44.7%,3.7%
334,1909,榮成,2014,0.3%,12.7%,4%,50.3%,32.4%,0.4%
349,2492,華新科,2014,0.3%,9.9%,0.1%,31%,56.5%,2.3%
465,1715,萬洲,2015,0.3%,11.4%,2.8%,47.3%,38.2%,0%
548,4163,鐿鈦,2015,0.3%,15.5%,16.9%,23.1%,44.2%,0%
758,1530,亞崴,2014,0.3%,2.9%,7.2%,55.9%,33.7%,0%
853,6112,聚碩,2014,0.3%,2.2%,0.1%,4.4%,93%,0%
1114,3570,大塚,2014,0.3%,37.8%,0%,2.4%,59.4%,0%
11,1326,台化,2014,0.4%,35.1%,6.7%,35.9%,21.9%,0%
54,2227,裕日車,2014,0.4%,42%,1.5%,52.1%,4%,0%
67,2542,興富發,2015,0.4%,33.7%,2.5%,37.8%,25.6%,0%
116,2707,晶華,2014,0.4%,27.8%,6.7%,47.9%,17.2%,0%
158,6005,群益證,2015,0.4%,14.7%,7.7%,44%,33.2%,0%
285,1711,永光,2014,0.4%,6.4%,1.2%,3.6%,88.3%,0%
344,1558,伸興,2014,0.4%,10%,11.2%,5%,73.4%,0%
403,1580,新麥,2014,0.4%,33.5%,11%,10.4%,44.6%,0%
684,8021,尖點,2015,0.4%,13.7%,8.7%,14.1%,63.2%,0%
8,1303,南亞,2015,0.5%,29.5%,5.9%,40.1%,24%,0%
136,2501,國建,2014,0.5%,7.6%,15.1%,56.4%,20.5%,0%
194,8422,可寧衛,2014,0.5%,42.3%,12.2%,6.4%,38.7%,0%
199,5007,三星,2014,0.5%,3.3%,7%,62.7%,26.5%,0%
248,2107,厚生,2014,0.5%,18.8%,2.3%,17.9%,60.5%,0%
436,9924,福興,2014,0.5%,15.1%,11.9%,37.3%,35.2%,0%
491,2433,互盛電,2014,0.5%,1.2%,0.5%,73.2%,24.6%,0%
547,3693,營邦,2014,0.5%,7.1%,15.1%,20.9%,56.4%,0%
657,1473,台南,2014,0.5%,12.9%,10.4%,34.4%,40.6%,1.2%
741,2437,旺詮,2014,0.5%,2.7%,6.5%,40.7%,46.3%,3.3%
55,2888,新光金,2014,0.6%,23.9%,2.8%,30.6%,42.1%,0%
79,1434,福懋,2014,0.6%,17.8%,5.7%,57.8%,18.2%,0%
106,8044,網家,2014,0.6%,38.5%,5.6%,20.3%,35%,0%
118,1723,中碳,2015,0.6%,14%,8.2%,43.7%,33.5%,0%
130,2845,遠東銀,2015,0.6%,9.6%,2.6%,51.9%,35.4%,0%
297,1905,華紙,2014,0.6%,2.5%,2.3%,66%,28.6%,0%
407,9942,茂順,2014,0.6%,6.9%,11.4%,8.1%,73%,0%
454,8050,廣積,2014,0.6%,5.2%,14.1%,2.8%,75.5%,1.7%
458,3293,鈊象,2014,0.6%,5.5%,14.3%,4.2%,75.5%,0%
809,2477,美隆電,2014,0.6%,23.3%,0.1%,21.5%,54.5%,0%
892,6449,鈺邦,2015,0.6%,0.6%,0%,34.2%,64.6%,0%
9,1301,台塑,2015,0.7%,34.5%,8.2%,32.9%,23.7%,0%
46,2890,永豐金,2015,0.7%,33.6%,4.7%,25.4%,35.7%,0%
51,9921,巨大,2014,0.7%,54.2%,1.5%,7.1%,36.5%,0%
83,1504,東元,2014,0.7%,49.7%,6.4%,9.5%,33.7%,0%
112,2344,華邦電,2014,0.7%,15.6%,0.5%,28%,55.2%,0%
246,9925,新保,2014,0.7%,18.4%,16.8%,28.1%,36%,0%
259,2489,瑞軒,2014,0.7%,17.5%,3.6%,4.3%,73.3%,0.6%
318,8114,振樺電,2014,0.7%,14.4%,1.5%,26.8%,56.6%,0%
348,1444,力麗,2014,0.7%,6.9%,0.9%,43.8%,47.3%,0.4%
61,2618,長榮航,2014,0.8%,16.4%,7.6%,37.1%,38.1%,0%
105,9917,中保,2014,0.8%,45.4%,3.6%,33.3%,16.9%,0%
203,9940,信義,2015,0.8%,3.4%,4%,59.1%,32.8%,0%
223,6214,精誠,2014,0.8%,12.8%,8.8%,24.1%,53.5%,0%
263,8942,森鉅,2014,0.8%,10.6%,8.3%,6.6%,73.7%,0%
323,1201,味全,2014,0.8%,21%,8.4%,44.5%,25.4%,0%
441,6213,聯茂,2014,0.8%,14.7%,9.4%,32.8%,40.8%,1.5%
686,8996,高力,2014,0.8%,5.5%,16.1%,6.9%,70.7%,0%
946,6205,詮欣,2015,0.8%,3%,0.2%,11.6%,84.4%,0%
53,9910,豐泰,2015,0.9%,14.6%,5.3%,7.9%,71.4%,0%
82,8299,群聯,2014,0.9%,40.8%,17%,2.2%,39.1%,0%
133,2847,大眾銀,2014,0.9%,14.6%,3.9%,53.7%,25.8%,1.2%
208,2608,大榮,2014,0.9%,23.2%,1.2%,45.4%,29.2%,0%
245,5306,桂盟,2014,0.9%,4.7%,4.1%,44.9%,45.4%,0%
332,3211,順達,2014,0.9%,12.6%,15.8%,8.8%,61.8%,0%
6,2454,聯發科,2014,0%,60.5%,8.1%,6.1%,25.3%,0%
15,2891,中信金,2015,0%,47.4%,12.6%,14.1%,25.8%,0%
18,2382,廣達,2015,0%,38%,10.8%,26.1%,25.1%,0%
20,2474,可成,2014,0%,52%,11.8%,12.3%,23.9%,0%
24,2912,統一超,2014,0%,42.6%,0%,53.9%,3.5%,0%
25,2357,華碩,2014,0%,57.1%,9.5%,4.7%,28.7%,0%
27,4938,和碩,2014,0%,35.2%,11.1%,23.9%,29.8%,0%
28,2883,開發金,2014,0%,22.4%,9.4%,17.1%,51.2%,0%
36,2408,南亞科,2014,0%,5.4%,0%,88.4%,6.3%,0%
37,3658,漢微科,2014,0%,53.3%,3.4%,33.7%,9.5%,0%
38,2409,友達,2014,0%,27.5%,9%,15%,48.4%,0%
39,2325,矽品,2014,0%,57.2%,11.3%,11.1%,20.4%,0%
41,2395,研華,2014,0%,39%,2.8%,45.8%,12.3%,0%
50,2324,仁寶,2014,0%,52.7%,7.1%,10.4%,28.5%,1.3%
56,2823,中壽,2014,0%,49.4%,4%,19.1%,27.5%,0%
57,2301,光寶科,2014,0%,47.3%,12.6%,17.6%,22.5%,0%
58,2498,宏達電,2015,0%,22.7%,2.3%,17%,58%,0%
66,2347,聯強,2014,0%,38.1%,16.9%,27.2%,17.8%,0%
70,5264,F-鎧勝,2014,0%,68.6%,11.9%,3%,16.5%,0%
78,2385,群光,2014,0%,39.5%,7.4%,21%,32.1%,0%
80,1227,佳格,2015,0%,19.5%,4.2%,6.7%,69.6%,0%
84,2923,F-鼎固,2015,0%,99.2%,0%,0%,0.7%,0%
85,5903,全家,2014,0%,53.4%,4.5%,27.8%,14.2%,0%
86,4174,浩鼎,2015,0%,7.3%,0%,34.9%,57.8%,0%
91,2451,創見,2014,0%,23.7%,8.6%,55.4%,12.2%,0%
93,1477,聚陽,2014,0%,28.1%,11.6%,9.9%,50.4%,0%
96,2379,瑞昱,2014,0%,45.1%,10.5%,9.6%,34.8%,0%
98,2106,建大,2014,0%,8.2%,9.8%,7.6%,74.5%,0%
100,2059,川湖,2014,0%,30.2%,8.3%,33.4%,28.1%,0%
101,1590,F-亞德,2014,0%,73.4%,7.1%,3.4%,16.1%,0%
103,3189,景碩,2014,0%,26.9%,14.1%,50.4%,8.7%,0%
104,3532,台勝科,2014,0%,48.9%,0.2%,45.8%,5.1%,0%
107,9933,中鼎,2014,0%,49%,21.2%,16.9%,12.9%,0%
108,8454,富邦媒,2015,0%,22.9%,3.5%,60.5%,13.2%,0%
115,8046,南電,2014,0%,10%,2.5%,70.9%,16.6%,0%
117,8150,南茂,2014,0%,68.7%,1.1%,18.7%,11.5%,0%
119,2809,京城銀,2015,0%,27.2%,8.4%,16.8%,47.6%,0%
120,9907,統一實,2014,0%,17.7%,0.4%,63.1%,18.9%,0%
121,5904,寶雅,2015,0%,30.8%,2.7%,45.8%,20.7%,0%
123,1717,長興,2014,0%,12.4%,7.5%,24%,56.1%,0%
124,5530,龍巖,2015,0%,16.1%,0.5%,24%,59.4%,0%
128,2833,台壽保,2014,0%,3.5%,23%,40.7%,32.8%,0%
132,2812,台中銀,2014,0%,6.3%,5.3%,39.6%,48.8%,0%
138,2231,為升,2014,0%,2.5%,7.4%,25.8%,64.4%,0%
140,2849,安泰銀,2015,0%,59.7%,2.7%,35.9%,1.7%,0%
142,2377,微星,2014,0%,28.7%,3.6%,7.5%,60.2%,0%
143,3529,力旺,2014,0%,17.6%,16.6%,15.8%,48.6%,1.4%
144,5820,日盛金,2015,0%,72.7%,7.3%,2.2%,17.8%,0%
145,2362,藍天,2014,0%,22%,4%,22.7%,50.5%,0.9%
146,6409,旭隼,2014,0%,22.4%,0.9%,38.6%,38%,0%
149,1507,永大,2014,0%,53.8%,1.8%,19.2%,25.2%,0%
150,1440,南紡,2014,0%,7.4%,1.8%,21.1%,69.7%,0%
152,2352,佳世達,2014,0%,10.6%,8.3%,15.1%,66%,0%
156,9938,百和,2014,0%,19.5%,17.9%,6.4%,56.2%,0%
159,6286,立錡,2014,0%,29.4%,28.7%,10.9%,31%,0%
164,1314,中石化,2014,0%,18.9%,3.8%,6.9%,70.4%,0%
165,6415,F-矽力,2014,0%,84.1%,6.7%,0.6%,8.6%,0%
166,4966,F-譜瑞,2014,0%,32.5%,6.9%,6%,54.4%,0.2%
167,2015,豐興,2014,0%,22.8%,6.8%,5.2%,65.2%,0%
169,2889,國票金,2014,0%,16%,20.5%,28.8%,32.8%,1.9%
176,2855,統一證,2014,0%,8.6%,2%,60.3%,29%,0%
179,4180,安成藥,2014,0%,59.5%,10.5%,8.5%,21.5%,0%
181,2376,技嘉,2014,0%,33.5%,4.6%,13.7%,48.2%,0%
183,1262,F-綠悅,2014,0%,91.1%,0.8%,4.6%,3.5%,0%
185,3706,神達,2015,0%,8.4%,5.1%,30.9%,55.6%,0%
192,1702,南僑,2014,0%,21.1%,5.8%,23.4%,49.8%,0%
193,3060,銘異,2014,0%,4.6%,0%,1.8%,93.6%,0%
195,2458,義隆,2014,0%,9.1%,12.6%,19.2%,57.3%,1.8%
196,2511,太子,2014,0%,5.6%,0%,47.2%,47.2%,0%
198,2637,F-慧洋,2014,0%,5%,1.9%,24.5%,68.6%,0%
200,1319,東陽,2014,0%,16.3%,5.1%,27.9%,50.7%,0%
202,6605,帝寶,2014,0%,10.3%,9.7%,38.4%,41.6%,0%
204,1795,美時,2015,0%,64.3%,2.5%,0.6%,32.6%,0%
207,1536,和大,2014,0%,19.1%,1.6%,19.1%,60.2%,0%
210,1312,國喬,2015,0%,20.1%,26.9%,24%,29%,0%
211,1229,聯華,2014,0%,10.2%,10.6%,39%,40.2%,0%
212,3576,新日光,2014,0%,7%,7%,32.5%,53.4%,0%
216,2312,金寶,2015,0%,11.2%,3.9%,17.4%,67.4%,0.2%
217,1104,環泥,2014,0%,14.8%,2.6%,36.1%,46.5%,0%
219,9930,中聯資,2014,0%,1.7%,6.3%,74.2%,17.8%,0%
222,1210,大成,2014,0%,7.3%,8.5%,40.4%,43.8%,0%
225,2104,中橡,2014,0%,9.8%,10.4%,34.2%,45.6%,0%
226,1307,三芳,2014,0%,10%,1%,40.6%,48.4%,0%
229,6451,F-訊芯,2015,0%,62.2%,6.9%,2.9%,28%,0%
232,6206,飛捷,2015,0%,25.8%,9.8%,11.1%,53.3%,0%
233,1304,台聚,2014,0%,35.1%,5.5%,13.5%,45.9%,0%
234,1704,榮化,2014,0%,21.6%,17.3%,28.2%,32.9%,0%
235,2856,元富證,2014,0%,4.7%,45.2%,13.2%,34.4%,2.5%
238,6146,耕興,2014,0%,36.9%,6.8%,31.7%,24.6%,0%
240,9939,宏全,2014,0%,10.7%,9.2%,14.6%,65.5%,0%
242,4123,晟德,2015,0%,14.3%,4.2%,27.4%,54%,0%
243,3176,基亞,2014,0%,2%,2%,27.3%,68.7%,0%
244,2820,華票,2014,0%,8.7%,29.9%,5%,56.3%,0%
247,3030,德律,2014,0%,19.3%,11.7%,12.4%,56.5%,0%
249,4401,東隆興,2014,0%,10.7%,13%,17.8%,58.5%,0%
250,1718,中纖,2014,0%,6.7%,0%,34.1%,55.4%,3.7%
252,2023,燁輝,2014,0%,5.1%,0.6%,53.8%,40.4%,0%
253,6412,群電,2014,0%,5.1%,3.7%,61.9%,29.3%,0%
255,1234,黑松,2014,0%,6.9%,0%,38.7%,54.4%,0%
256,3374,精材,2014,0%,16.4%,1.8%,40.4%,41.4%,0%
258,6244,茂迪,2015,0%,5.6%,2.6%,33.1%,58.8%,0%
262,1904,正隆,2014,0%,12.7%,11.3%,26%,50%,0%
264,6271,同欣電,2014,0%,33.5%,19.6%,13.7%,33.1%,0%
265,6282,康舒,2014,0%,29%,10.7%,28.9%,31.4%,0%
268,4137,F-麗豐,2014,0%,86.2%,0%,4.5%,9.3%,0%
269,2605,新興,2014,0%,31.9%,13.3%,7.5%,47.3%,0%
272,2545,皇翔,2014,0%,4.8%,0.7%,55.6%,38.8%,0%
273,8069,元太,2014,0%,8%,3.7%,24.2%,64.1%,0%
274,2514,龍邦,2014,0%,7.1%,8.1%,18.6%,66.2%,0%
276,3264,欣銓,2015,0%,28%,15.6%,15.1%,41.3%,0%
277,2027,大成鋼,2014,0%,8.8%,0%,20.2%,68.5%,2.4%
278,1313,聯成,2014,0%,11.6%,5.3%,48.1%,34.4%,0.6%
280,2547,日勝生,2014,0%,13.1%,0.9%,10.7%,75.4%,0%
281,3152,璟德,2015,0%,10.2%,1.2%,29.4%,59.3%,0%
283,3005,神基,2014,0%,8.1%,0%,37.8%,54.1%,0%
286,3545,敦泰,2015,0%,5%,5.9%,35.4%,53.6%,0%
288,6120,達運,2014,0%,4.7%,0.1%,43.5%,39.9%,11.8%
289,1232,大統益,2014,0%,1%,0%,79.4%,19.6%,0%
290,2520,冠德,2014,0%,12.9%,9.3%,33.2%,44.6%,0%
291,3665,F-貿聯,2014,0%,31.1%,0%,18.7%,50.2%,0%
293,3533,嘉澤,2014,0%,16.5%,6%,35.7%,41.8%,0%
295,8213,志超,2014,0%,16.5%,2.5%,16.8%,62.8%,1.4%
296,3558,神準,2014,0%,4.7%,0%,55.6%,39.7%,0%
298,4994,傳奇,2014,0%,0.6%,0.3%,20.4%,78.7%,0%
299,5287,數字,2014,0%,13.7%,3.6%,49.9%,32.9%,0%
300,2913,農林,2014,0%,9.4%,0.5%,23.5%,66.6%,0%
301,3006,晶豪科,2015,0%,11.2%,0.7%,8.5%,79.5%,0%
303,2439,美律,2014,0%,26.5%,26.6%,10.4%,36.5%,0%
304,1537,廣隆,2014,0%,13.9%,22.2%,8.8%,55.2%,0%
305,1729,必翔,2015,0%,12%,0.8%,5.8%,80.8%,0.5%
307,2329,華泰,2015,0%,16.5%,0.1%,14.8%,68.6%,0%
308,2515,中工,2014,0%,7.5%,2%,20.1%,70.3%,0%
309,9937,全國,2014,0%,8.9%,4%,38.4%,48.6%,0%
311,8086,宏捷科,2014,0%,1.3%,0%,2.8%,95.9%,0%
312,5531,鄉林,2014,0%,3.1%,0%,77.3%,19.6%,0%
313,6023,元大期,2014,0%,11.9%,0.1%,78%,10.1%,0%
314,1419,新紡,2014,0%,3.1%,21.1%,54.6%,21.2%,0%
315,8341,日友,2015,0%,0.7%,5.3%,52.5%,41.5%,0%
316,4536,拓凱,2014,0%,6.4%,3.4%,0.6%,89.5%,0%
319,1532,勤美,2014,0%,8.8%,12%,16%,63.1%,0%
320,3227,原相,2014,0%,8.9%,3.7%,12.1%,71.2%,4%
321,5907,F-大洋,2014,0%,79.2%,7.6%,7.1%,4.9%,1.2%
322,6803,崑鼎,2014,0%,1.9%,15.6%,66.8%,15.7%,0%
324,3662,樂陞,2014,0%,39.1%,4%,14.1%,42.7%,0%
325,3380,明泰,2014,0%,14.6%,8.8%,42.4%,31.6%,2.7%
326,4152,台微體,2014,0%,21.7%,7.3%,17.4%,53.6%,0%
327,3443,創意,2014,0%,2.8%,5.5%,42.2%,49.5%,0%
328,3019,亞光,2014,0%,9.2%,0%,7.2%,83.5%,0%
329,3452,益通,2014,0%,1.9%,0%,53.1%,44.9%,0%
330,5508,永信建,2014,0%,1.4%,0.6%,78.7%,19.3%,0%
331,2908,特力,2014,0%,14.8%,8.4%,24.4%,48.6%,3.8%
333,1103,嘉泥,2015,0%,5.6%,3.3%,50%,41%,0%
335,6278,台表科,2014,0%,23.3%,6.8%,9.2%,60.8%,0%
337,6452,F-康友,2015,0%,69.6%,0.2%,1.1%,29.1%,0%
338,1451,年興,2014,0%,13.9%,14.1%,30.8%,41.1%,0%
339,6277,宏正,2015,0%,11.6%,9%,6.9%,72.5%,0%
340,5349,先豐,2014,0%,5.9%,8.8%,50.4%,34.9%,0%
341,2228,劍麟,2014,0%,3%,10.4%,59.2%,27.4%,0%
342,2108,南帝,2014,0%,2.4%,0%,51.8%,45.8%,0%
345,2731,雄獅,2014,0%,0.4%,0.9%,22.8%,75.9%,0%
346,2704,國賓,2014,0%,10.9%,0.4%,64%,24.6%,0%
347,6257,矽格,2014,0%,24.5%,11.1%,3.9%,59.5%,0.9%
350,3260,威剛,2015,0%,6.4%,1.2%,4%,85.9%,2.5%
351,4128,中天,2014,0%,2.8%,10%,24.3%,62.9%,0%
352,1785,光洋科,2014,0%,5.8%,1.1%,19.6%,72.8%,0.7%
353,1308,亞聚,2014,0%,5.3%,3.7%,41.1%,49.8%,0%
354,2401,凌陽,2014,0%,7.5%,0.6%,4.3%,87.6%,0%
355,2524,京城,2015,0%,3.3%,0%,32.2%,64.5%,0%
358,3026,禾伸堂,2014,0%,10.3%,11.9%,17.5%,60%,0.3%
360,2455,全新,2014,0%,7.6%,1.5%,2.1%,88.8%,0%
361,1903,士紙,2014,0%,12.8%,1.9%,40.9%,44.5%,0%
362,2332,友訊,2014,0%,20.9%,2.6%,9.9%,60.7%,6%
364,4426,利勤,2014,0%,3.6%,0%,22.8%,73.6%,0%
365,2323,中環,2014,0%,11.1%,0.2%,4.4%,84.2%,0%
369,9802,F-鈺齊,2014,0%,46.1%,0.6%,4.9%,48.3%,0%
371,1110,東泥,2014,0%,3.1%,0%,78.9%,18%,0%
372,8349,恒耀,2014,0%,3.2%,1.7%,64.3%,30.8%,0%
373,3017,奇鋐,2014,0%,31.6%,1.1%,10.8%,56.5%,0%
374,1582,信錦,2015,0%,22.4%,10.3%,7.6%,59.6%,0%
376,2316,楠梓電,2014,0%,10%,1.9%,13.8%,74.3%,0%
377,2368,金像電,2014,0%,7.3%,0%,3.8%,88.4%,0.5%
378,5512,力麒,2014,0%,4.3%,2.2%,37.4%,56%,0%
379,1560,中砂,2014,0%,13.1%,17.4%,18.5%,51%,0%
380,2328,廣宇,2014,0%,10.9%,0%,35.3%,53.7%,0%
381,2014,中鴻,2014,0%,4.4%,0.7%,43.6%,51.3%,0%
382,5269,祥碩,2014,0%,0.2%,2.1%,57.8%,40%,0%
385,1513,中興電,2014,0%,9.2%,6.8%,25.6%,58.4%,0%
388,8255,朋程,2014,0%,5%,15.3%,23.8%,55.4%,0.6%
389,1535,中宇,2015,0%,1%,0%,79%,20%,0%
392,2539,櫻花建,2014,0%,0.1%,0%,25.6%,74.3%,0%
395,2597,潤弘,2014,0%,0.6%,1.1%,70.3%,28%,0%
398,2456,奇力新,2014,0%,2.9%,7.2%,23.6%,66.3%,0%
399,2374,佳能,2014,0%,15.1%,2.2%,22.3%,60.4%,0%
402,8215,明基材,2015,0%,3.5%,0.1%,44.4%,52%,0%
405,2832,台產,2014,0%,4.2%,23.8%,27.7%,44.3%,0%
406,2706,第一店,2014,0%,3.4%,0.1%,73.1%,23.5%,0%
408,1340,F-勝悅,2014,0%,78.4%,1.5%,9.7%,10.5%,0%
409,5490,同亨,2014,0%,8.8%,0%,17.5%,73.7%,0%
410,3406,玉晶光,2014,0%,15.1%,2%,7.8%,75.1%,0%
412,3490,單井,2014,0%,6.6%,3%,12.5%,78%,0%
413,2349,錸德,2014,0%,6.4%,0%,3.4%,90%,0.1%
415,2929,F-淘帝,2014,0%,81.5%,1.1%,1.2%,16.1%,0%
416,3611,鼎翰,2014,0%,12.2%,11.6%,41.1%,35.1%,0%
418,6188,廣明,2014,0%,6.9%,3.9%,35.4%,53.9%,0%
419,1714,和桐,2014,0%,15.7%,0%,27.7%,56.5%,0%
420,9927,泰銘,2014,0%,17.5%,4.8%,31.2%,46.4%,0%
422,6261,久元,2014,0%,10.3%,9.5%,26.7%,53.5%,0%
423,4743,合一,2014,0%,0.7%,0.8%,32.3%,66.2%,0%
425,2612,中航,2014,0%,2.5%,3.3%,60.5%,33.7%,0%
426,1321,大洋,2014,0%,3.1%,5.3%,18.9%,72.7%,0%
427,5356,協益,2015,0%,5.8%,0.1%,24.3%,69.8%,0%
429,5305,敦南,2014,0%,7.9%,2%,42.4%,47.1%,0.7%
430,2538,基泰,2014,0%,14.2%,0.8%,10.7%,74.4%,0%
431,1614,三洋電,2015,0%,3.6%,3.6%,56%,36.7%,0%
433,1583,程泰,2014,0%,0.7%,4%,23.1%,72.3%,0%
434,4103,百略,2014,0%,44.6%,12.5%,7.1%,35.7%,0%
435,4947,F-昂寶,2014,0%,33.6%,16.9%,40.5%,7.1%,1.9%
438,2910,統領,2015,0%,0.3%,0%,60.1%,39.6%,0%
439,1455,集盛,2015,0%,4.5%,0.1%,11.6%,83.8%,0%
442,8429,F-金麗,2014,0%,67.7%,2.8%,1.5%,28%,0%
443,5274,信驊,2014,0%,18.6%,20.9%,33.3%,27.3%,0%
444,6115,鎰勝,2014,0%,16.1%,0.1%,27.3%,56.4%,0%
445,2475,華映,2014,0%,9.3%,0%,37%,53.8%,0%
447,3437,榮創,2014,0%,15.3%,0.8%,45.9%,37.9%,0%
448,4906,正文,2014,0%,9.7%,4.9%,6.4%,79%,0%
450,3062,建漢,2014,0%,15.9%,2.2%,23%,58.8%,0%
451,6184,大豐電,2014,0%,3.7%,0.9%,24.7%,70.7%,0%
452,2010,春源,2014,0%,4.1%,0%,12.6%,83.3%,0%
453,4141,F-龍燈,2014,0%,80.6%,1.9%,2.5%,14.9%,0%
455,9926,新海,2014,0%,0.3%,5.7%,61.1%,32.9%,0%
457,5351,鈺創,2014,0%,8.2%,1.5%,3.7%,84.1%,2.5%
459,3234,光環,2014,0%,0.9%,1.3%,11.5%,86.3%,0%
460,4107,邦特,2015,0%,6.7%,0%,32.5%,60.9%,0%
461,1808,潤隆,2015,0%,0.9%,0%,59.6%,39.4%,0%
462,1708,東鹼,2014,0%,13.4%,0.4%,25.4%,60.8%,0%
469,1521,大億,2014,0%,37.7%,13.4%,36.1%,12.8%,0%
473,6177,達麗,2014,0%,0.6%,0.1%,67.3%,32%,0%
476,5425,台半,2014,0%,11.2%,15.6%,16.9%,56.3%,0%
478,5608,四維航,2014,0%,8.6%,2.6%,31.1%,57.7%,0%
479,2926,誠品生,2014,0%,13.2%,2.8%,60.3%,23.7%,0%
480,3514,昱晶,2014,0%,8.7%,1.1%,14.8%,75.4%,0%
483,2505,國揚,2014,0%,9.3%,2.6%,30.4%,57.7%,0%
486,1339,昭輝,2014,0%,2.8%,0%,65.8%,31.4%,0%
487,5213,亞昕,2015,0%,0.5%,2.5%,68%,28.3%,0.7%
488,1215,卜蜂,2014,0%,34.5%,1.8%,11.2%,52.5%,0%
489,6189,豐藝,2014,0%,11.6%,0.4%,4.5%,83.5%,0%
490,2406,國碩,2015,0%,4.6%,1.3%,2.4%,91.7%,0%
492,4164,承業醫,2015,0%,41.7%,0.8%,0.7%,56.8%,0%
493,1264,德麥,2015,0%,0.3%,0%,7.7%,92%,0%
494,5392,應華,2014,0%,1.6%,0.1%,48.1%,50.1%,0%
496,3519,綠能,2015,0%,3.1%,0%,34.9%,62%,0%
497,3561,昇陽科,2014,0%,4.1%,3.3%,19.7%,72.8%,0%
498,1527,鑽全,2014,0%,7.3%,7.1%,21.1%,64.5%,0%
499,4725,信昌化,2014,0%,2.4%,1.8%,54.3%,41.6%,0%
500,3049,和鑫,2014,0%,5.7%,0%,19.5%,74.8%,0%
502,2614,東森,2014,0%,3.6%,0%,20.9%,75.4%,0%
503,5457,宣德,2014,0%,24.4%,1%,22%,52.7%,0%
504,6281,全國電,2014,0%,11.1%,15.3%,23.9%,49.7%,0%
505,6197,佳必琪,2014,0%,5.3%,0%,8.5%,86.2%,0%
506,3033,威健,2014,0%,4.2%,0.1%,18.9%,76.7%,0%
507,5289,宜鼎,2014,0%,3.6%,0.8%,19.9%,75.7%,0%
509,9911,櫻花,2014,0%,10.2%,10.5%,31%,48.3%,0%
514,3266,昇陽,2015,0%,0.9%,0%,69.5%,29.6%,0%
515,6180,橘子,2014,0%,1.7%,1.9%,27.6%,68.7%,0%
517,3596,智易,2014,0%,10%,6.5%,37.3%,46.2%,0%
519,3041,揚智,2015,0%,7.7%,5.3%,9.4%,77.6%,0%
520,6224,聚鼎,2014,0%,17.9%,2.7%,20.1%,59.2%,0%
521,8083,瑞穎,2014,0%,0.1%,5.7%,24.3%,69.8%,0%
522,4416,三圓,2014,0%,0%,0%,72.7%,27.3%,0%
523,8163,達方,2014,0%,6.3%,3.1%,28.9%,61.6%,0%
524,1522,堤維西,2014,0%,3.6%,0.4%,50.8%,45.2%,0%
525,5227,F-立凱,2014,0%,23.7%,3.6%,22.5%,50.3%,0%
526,2701,萬企,2014,0%,0.7%,0%,75.9%,23.4%,0%
527,1701,中化,2014,0%,6.4%,6.6%,10.3%,76.6%,0%
528,3149,正達,2014,0%,10.4%,2.4%,33.9%,53.3%,0%
530,2436,偉詮電,2014,0%,3.2%,6.2%,10.7%,79.9%,0%
531,2729,瓦城,2014,0%,10.3%,8.1%,36.7%,44.9%,0%
532,4198,環瑞醫,2015,0%,43.1%,5.5%,19.3%,32.1%,0%
533,6145,勁永,2015,0%,3.9%,0%,56.1%,40%,0%
534,8411,F-福貞,2014,0%,62.4%,4.5%,2.8%,30.3%,0%
535,3504,揚明光,2014,0%,3.2%,6.3%,50.4%,40.2%,0%
536,8404,F-百和,2014,0%,56.4%,5.4%,14.5%,23.7%,0%
538,4919,新唐,2014,0%,3.7%,0.6%,67.1%,28.6%,0%
540,1720,生達,2014,0%,2.7%,9.3%,9.6%,78.4%,0%
542,1109,信大,2014,0%,1.4%,0%,10.2%,88.3%,0%
543,1203,味王,2014,0%,3.2%,0.4%,62.1%,34.2%,0%
544,1709,和益,2014,0%,4.7%,0%,46.9%,48.3%,0%
545,2527,宏璟,2014,0%,20.7%,0%,46.9%,32.4%,0%
546,3003,健和興,2014,0%,7.8%,9%,10.1%,72.4%,0.7%
549,3520,振維,2014,0%,0.3%,1.2%,9%,89.5%,0%
550,2390,云辰,2014,0%,5.1%,0%,18.6%,76.3%,0%
552,6104,創惟,2014,0%,6.4%,0.1%,0.7%,92.8%,0%
553,5489,彩富,2015,0%,4.9%,8.7%,21.3%,63.8%,1.2%
555,2506,太設,2014,0%,4.1%,0%,29.3%,66.5%,0%
556,2109,華豐,2014,0%,11.7%,0%,18.4%,69.9%,0%
557,8234,新漢,2014,0%,2.8%,2%,20.9%,74.3%,0%
558,4927,F-泰鼎,2014,0%,24.4%,16.7%,9.8%,49%,0%
559,4104,佳醫,2014,0%,4.3%,0%,37%,58.5%,0.3%
560,4120,友華,2015,0%,4.8%,0.3%,42.9%,52%,0%
562,2601,益航,2014,0%,24.4%,7.9%,13.4%,52.5%,1.8%
563,6105,瑞傳,2014,0%,7.2%,1%,17.8%,74%,0%
564,3265,台星科,2015,0%,56.8%,7.1%,1.3%,34.8%,0%
566,3014,聯陽,2014,0%,7%,1.4%,12.6%,79.1%,0%
567,3498,陽程,2014,0%,5.8%,0%,13.6%,80.7%,0%
568,1315,達新,2015,0%,2.1%,0%,51.3%,46.6%,0%
569,2428,興勤,2014,0%,10.3%,0%,37.1%,52.6%,0%
570,3501,維熹,2014,0%,3.2%,1.2%,44.9%,50.7%,0%
571,5466,泰林,2014,0%,3.9%,0%,48.5%,47.6%,0%
572,4528,江興鍛,2014,0%,2.4%,0%,13.4%,84.2%,0%
573,6016,康和證,2014,0%,4%,0%,27.9%,68.1%,0%
574,1464,得力,2014,0%,0.3%,3.9%,37.9%,57.8%,0%
575,2816,旺旺保,2014,0%,21.4%,0%,48%,30.2%,0.3%
577,8210,勤誠,2014,0%,5.7%,0%,32.6%,61.3%,0.3%
579,1337,F-再生,2014,0%,56%,1.5%,10.5%,32.1%,0%
580,5312,寶島科,2014,0%,17%,5.4%,34.1%,43.4%,0%
581,8427,F-基勝,2014,0%,38.1%,0.6%,0.6%,60.7%,0%
582,4144,F-康聯,2014,0%,53%,3.8%,3.9%,39.3%,0%
583,2464,盟立,2014,0%,12.4%,2.5%,26.1%,59%,0%
584,5538,F-東明,2014,0%,38.7%,0.2%,1.6%,59.5%,0%
585,3130,一零四,2014,0%,38%,1.3%,20.3%,40.3%,0%
586,5533,皇鼎,2015,0%,5.1%,0%,29.6%,65.3%,0%
587,1815,富喬,2014,0%,8.7%,0%,22.9%,68.3%,0%
588,5469,瀚宇博,2014,0%,9.1%,0.1%,42.8%,46.4%,1.6%
590,2397,友通,2014,0%,8.3%,7.5%,10.2%,74%,0%
591,2013,中鋼構,2014,0%,8.2%,13.1%,50.1%,28.6%,0%
593,9946,三發,2014,0%,2.1%,0%,45.6%,52.2%,0%
595,1734,杏輝,2014,0%,1.8%,0%,9.8%,88.3%,0%
597,2540,愛山林,2014,0%,0%,0%,20.1%,79.9%,0%
598,1459,聯發,2014,0%,3.1%,0%,56.2%,40.7%,0%
599,5301,寶得利,2014,0%,0%,0%,31.3%,68.7%,0%
601,2530,華建,2014,0%,3.4%,0%,40.4%,56.2%,0%
602,2421,建準,2014,0%,4.7%,0.3%,41.4%,53.6%,0%
603,2031,新光鋼,2014,0%,6.6%,0%,17.5%,75.9%,0%
604,1416,廣豐,2014,0%,6.1%,0.1%,18.1%,68.4%,7.3%
606,1231,聯華食,2014,0%,1.7%,4.7%,35.6%,57.9%,0%
607,2481,強茂,2014,0%,8.5%,0%,12.1%,78.2%,1.2%
608,8261,富鼎,2014,0%,32.1%,3%,8%,56.8%,0%
610,1256,F-鮮活,2014,0%,8.2%,4.7%,0.1%,87%,0%
616,9934,成霖,2014,0%,20.9%,5.6%,19.8%,53.7%,0%
617,3048,益登,2014,0%,2%,1.1%,5.8%,88.6%,2.5%
618,4119,旭富,2014,0%,0.7%,4.6%,41.3%,53.4%,0%
619,4745,F-合富,2014,0%,19.1%,1.3%,4.7%,74.9%,0%
620,3078,僑威,2015,0%,3.8%,0.1%,30.8%,65.4%,0%
621,2369,菱生,2014,0%,29.1%,14.5%,3.7%,52.7%,0%
622,3083,網龍,2014,0%,1%,0.5%,51.5%,45%,2%
623,5288,F-豐祥,2014,0%,61.1%,0.4%,18.9%,19.6%,0%
625,8437,F-大地,2015,0%,37.5%,0.2%,5.6%,56.7%,0%
627,3685,政翔,2014,0%,5.8%,0.4%,16.9%,76.9%,0%
628,1219,福壽,2014,0%,4.5%,0%,23.7%,71.8%,0%
629,4549,桓達,-,0%,0%,0%,0%,0%,0%
630,8383,千附,2014,0%,2.7%,0%,15.9%,79%,2.3%
631,9944,新麗,2014,0%,7.3%,0%,41.6%,51.1%,0%
632,1225,福懋油,2014,0%,7.5%,0%,38.1%,54.5%,0%
633,5525,順天,2014,0%,1.8%,3.3%,43.3%,51.6%,0%
634,8101,華冠,2015,0%,2.6%,0%,52%,45.3%,0%
635,2363,矽統,2014,0%,7.5%,0%,24.4%,68.1%,0%
636,4506,崇友,2014,0%,0%,0.6%,57.9%,41.5%,0%
637,2476,鉅祥,2015,0%,18.8%,2.7%,28.6%,49.8%,0%
638,6182,合晶,2014,0%,6%,3%,7.7%,82.9%,0.4%
639,2466,冠西電,2014,0%,12.5%,0%,54.5%,32.9%,0%
640,4934,太極,2014,0%,0.4%,1.8%,44.7%,53.1%,0%
641,3388,崇越電,2014,0%,7.2%,0.1%,30.3%,62.5%,0%
642,2852,第一保,2015,0%,5.6%,1.9%,35.8%,56.7%,0%
643,4114,健喬,2014,0%,0.3%,2.2%,10.9%,81.2%,5.4%
644,6021,大慶證,2014,0%,0%,0%,23.4%,76.6%,0%
645,1108,幸福,2014,0%,2%,0%,44.6%,53.4%,0%
646,3583,辛耘,2014,0%,4.6%,5%,23.6%,66.8%,0%
647,2012,春雨,2015,0%,3.9%,0.1%,32.8%,63.2%,0%
649,8433,弘帆,2014,0%,1.8%,0.4%,35.4%,62.4%,0%
651,2233,宇隆,2015,0%,12.7%,16.1%,8%,63.2%,0%
652,3518,柏騰,2015,0%,5.9%,0.4%,5.2%,87.9%,0.7%
653,4161,聿新科,2014,0%,0.3%,0.2%,14.4%,85.2%,0%
654,2495,普安,2014,0%,17.3%,4.1%,5.9%,72.7%,0%
655,4911,德英,2015,0%,0.2%,0.1%,0%,99.7%,0%
656,8112,至上,2015,0%,2.7%,2.7%,1.7%,92.9%,0%
658,4432,銘旺實,2014,0%,0.1%,0%,46%,53.9%,0%
659,3272,東碩,2014,0%,0.6%,1.6%,6.2%,91.6%,0%
660,1902,台紙,2015,0%,4.5%,4.9%,21.4%,69.2%,0%
661,3541,西柏,2015,0%,3%,0%,9.8%,87.1%,0%
662,6022,大眾證,2015,0%,1%,34.9%,6.8%,57.3%,0%
663,3383,新世紀,2014,0%,28%,0.1%,13.2%,53.9%,4.8%
664,6187,萬潤,2014,0%,1.1%,0%,23.9%,75.1%,0%
665,6020,大展證,2014,0%,0%,0%,65.2%,34.8%,0%
666,3311,閎暉,2015,0%,5%,0.2%,33.1%,61.7%,0%
667,1452,宏益,2014,0%,1.5%,0%,15.3%,83.2%,0%
668,4952,凌通,2014,0%,2.2%,4.4%,56%,37.4%,0%
669,3090,日電貿,2014,0%,4.1%,0%,6.4%,89.5%,0%
671,3051,力特,2015,0%,2.7%,0%,2%,95.3%,0%
672,2535,達欣工,2015,0%,9.7%,0%,19.2%,71.1%,0%
673,8446,華研,2014,0%,16.3%,4%,24.5%,55.3%,0%
674,2640,大車隊,2015,0%,7.4%,12.2%,38.8%,41.6%,0%
675,1626,F-艾美,2014,0%,62.8%,1.8%,1.8%,33.6%,0%
676,1218,泰山,2014,0%,3.7%,5.1%,14.2%,77%,0%
677,6196,帆宣,2015,0%,6.2%,0.2%,24.3%,69.3%,0%
678,3598,奕力,2014,0%,2.1%,0.1%,7.6%,89.1%,1.1%
679,8436,大江,2014,0%,7.2%,0%,3.5%,89.3%,0%
680,6124,業強,2014,0%,34.9%,0%,35.1%,30%,0%
681,4126,太醫,2014,0%,56.4%,2%,1.9%,39.7%,0%
682,2478,大毅,2014,0%,3.1%,0%,37.4%,58.1%,1.5%
683,8266,中日新,2013,0%,0.4%,0%,50.7%,48.9%,0%
685,4999,鑫禾,2014,0%,1.5%,5%,18.4%,75.1%,0%
687,3028,增你強,2014,0%,4.4%,4.9%,11.9%,78.7%,0%
688,5511,德昌,2014,0%,1.5%,0%,38.6%,59.8%,0%
690,1519,華城,2014,0%,5.7%,0.1%,9.4%,84.8%,0%
692,3484,崧騰,2014,0%,0.2%,0%,7.8%,91.4%,0.6%
693,1603,華電,2014,0%,2.1%,0%,25.5%,72.3%,0%
694,8916,光隆,2015,0%,2.5%,4.8%,24.2%,68.5%,0%
695,5515,建國,2015,0%,4.9%,0%,26.5%,67.1%,1.4%
696,8105,凌巨,2015,0%,5.5%,0.1%,54.5%,39.9%,0%
697,3057,喬鼎,2014,0%,18.3%,13.8%,9.3%,58.6%,0%
698,5225,F-東科,2015,0%,61.2%,0.4%,4.6%,33.8%,0%
699,2314,台揚,2014,0%,1.8%,0%,20.3%,77.9%,0%
700,1533,車王電,2014,0%,1.6%,0.1%,16.7%,81.6%,0%
702,4944,兆遠,2014,0%,3.2%,0%,50%,46.8%,0%
703,2722,夏都,2014,0%,0%,0%,76.1%,23.9%,0%
704,5604,中連貨,2015,0%,10.9%,0.3%,23.3%,65.6%,0%
705,6139,亞翔,2014,0%,15.4%,0%,31.5%,53%,0%
707,2705,六福,2014,0%,3%,0%,7.1%,89.8%,0%
708,8121,越峰,2014,0%,2.6%,0.4%,58.5%,38.5%,0%
709,3372,典範,2014,0%,5.5%,1.4%,29.9%,63.2%,0%
710,1531,高林股,2015,0%,9.6%,1.7%,22.6%,61.9%,4.2%
711,1611,中電,2014,0%,17.6%,2.1%,31.6%,48.6%,0%
712,3428,光燿科,2014,0%,0%,1.8%,63.6%,34.6%,0%
713,8271,宇瞻,2014,0%,6.8%,6.7%,1.4%,85.1%,0%
714,2426,鼎元,2014,0%,5.2%,0%,1%,92.4%,1.4%
716,3556,禾瑞亞,2014,0%,3.7%,0.9%,13.8%,81.6%,0%
717,4977,F-眾達,2014,0%,63%,2.6%,4.1%,30.3%,0%
718,1786,科妍,2015,0%,0.5%,0%,17.5%,81.2%,0.7%
719,1457,宜進,2015,0%,2.6%,0%,34.5%,62.9%,0%
720,4942,嘉彰,2014,0%,8.5%,2.7%,37.6%,51.2%,0%
721,2066,世德,2014,0%,14.5%,3.7%,0.7%,81.1%,0%
722,4108,懷特,2014,0%,2.3%,4.6%,15.7%,77.4%,0%
723,4168,醣聯,2014,0%,6.1%,0%,17%,77%,0%
724,2388,威盛,2015,0%,3.3%,0%,51.7%,45%,0%
725,4991,F-環宇,2014,0%,36.2%,1.5%,22%,40.3%,0%
726,3013,晟銘電,2014,0%,0.4%,3.3%,10%,84.6%,1.6%
727,8109,博大,2014,0%,1.4%,0.3%,5.9%,91.6%,0.8%
730,1217,愛之味,2014,0%,6.6%,0.3%,19.6%,71.4%,2.1%
731,6284,佳邦,2015,0%,1%,0%,15.5%,78.5%,4.9%
733,3289,宜特,2014,0%,1.1%,14.9%,14%,70.1%,0%
735,1446,宏和,2015,0%,1%,0%,45.2%,53.8%,0%
736,4535,至興,2014,0%,0.2%,8.2%,61.9%,29.8%,0%
737,8431,匯鑽科,2014,0%,0%,11.8%,47.2%,41%,0%
738,8091,翔名,2014,0%,2.1%,1.9%,13.5%,82.6%,0%
740,2115,F-六暉,2014,0%,50.5%,1.5%,0.8%,47.2%,0%
742,8011,台通,2015,0%,0.6%,0%,24.5%,74.9%,0%
744,5521,工信,2014,0%,5%,4.3%,8.9%,81.8%,0%
745,3131,弘塑,2014,0%,2.8%,3.7%,8.5%,84.9%,0%
746,6263,普萊德,2014,0%,0.4%,1.6%,28.7%,69.3%,0%
747,3226,至寶電,2015,0%,0%,0%,59.5%,40.5%,0%
748,3679,新至陞,2015,0%,12%,0%,22%,64.8%,1.2%
749,3686,達能,2014,0%,1.5%,3%,0.8%,94.7%,0%
750,2642,宅配通,2014,0%,7.2%,0%,67.3%,25.5%,0%
751,4153,鈺緯,2014,0%,0.3%,0%,31.2%,68.5%,0%
752,6015,宏遠證,2015,0%,3.8%,6.7%,21.8%,67.7%,0%
753,8072,陞泰,2014,0%,4.1%,2.2%,38.8%,54.9%,0%
755,8931,大汽電,2014,0%,0%,0%,74.5%,25.5%,0%
756,2457,飛宏,2015,0%,6.8%,0.1%,4.8%,88.3%,0%
757,1609,大亞,2014,0%,7.1%,0.3%,8.8%,83.7%,0.1%
759,2020,美亞,2014,0%,2.6%,4.9%,56.9%,35.6%,0%
760,8103,瀚荃,2015,0%,19.5%,3.3%,17.7%,59.4%,0%
761,2419,仲琦,2015,0%,1.8%,0%,2.6%,95.6%,0%
762,8450,霹靂,2014,0%,2.7%,6.7%,45.8%,44.8%,0%
763,6290,良維,2014,0%,14.2%,10%,16.4%,59.4%,0%
764,3305,昇貿,2014,0%,6.3%,0.6%,16.9%,74.8%,1.3%
765,3416,融程電,2014,0%,0.8%,5.6%,11.5%,80.4%,1.7%
766,6298,崴強,2014,0%,2.6%,0%,42.3%,55%,0%
767,1592,F-英瑞,2014,0%,42.3%,0.2%,15.9%,41.6%,0%
768,4930,燦星網,2015,0%,1.8%,0%,46.6%,51.5%,0%
769,3605,宏致,2014,0%,10.5%,6.1%,19.4%,63.2%,0.7%
770,2030,彰源,2014,0%,2.1%,0.4%,11.9%,79.9%,5.8%
771,4965,商店街,2015,0%,6.6%,0.4%,64.2%,28.8%,0%
772,3056,總太,2014,0%,2.9%,0%,26.2%,70.9%,0%
773,1810,和成,2014,0%,3%,0.9%,12.4%,83.7%,0%
774,6111,大宇資,2015,0%,35.9%,0.2%,16.1%,47.8%,0%
775,2009,第一銅,2014,0%,7.6%,0%,38.9%,53.6%,0%
776,1788,杏昌,2015,0%,11.3%,0.9%,21.9%,65.9%,0%
777,3209,全科,2014,0%,0.3%,4.6%,0.4%,94.7%,0%
778,5536,聖暉,2014,0%,7.8%,1.6%,11.3%,79.3%,0%
779,1752,南光,2015,0%,0.4%,0%,34.7%,64%,0.8%
780,1612,宏泰,2014,0%,10.6%,0.1%,19.6%,69.7%,0%
781,2348,海悅,2014,0%,0%,0%,33%,67%,0%
782,4703,揚華,2014,0%,1.4%,6%,8.6%,84%,0%
783,8416,實威,2014,0%,1.1%,0%,38.1%,60.9%,0%
784,4739,康普,2014,0%,6.4%,2.4%,47.3%,43.9%,0%
785,2484,希華,2014,0%,3.4%,0%,2.5%,94.1%,0%
786,6185,幃翔,2015,0%,3.5%,0%,5.1%,91.4%,0%
787,1437,勤益控,2015,0%,5.2%,0%,20.3%,73.4%,1.1%
788,2493,揚博,2014,0%,3.4%,0.8%,2.8%,93%,0%
789,4912,F-聯德,2014,0%,35.3%,0.4%,1.8%,62.4%,0%
790,6168,宏齊,2014,0%,4.1%,1.6%,30.3%,63.4%,0.6%
791,6128,上福,2014,0%,1.4%,0.3%,6.6%,91.7%,0%
792,2911,麗嬰房,2014,0%,10.2%,5.4%,7.5%,77%,0%
793,6203,海韻電,2014,0%,5.6%,0%,3.2%,91.1%,0%
794,3591,艾笛森,2014,0%,10.7%,1.4%,20.7%,65.6%,1.5%
795,4113,聯上,2014,0%,0.5%,0%,34.1%,65.4%,0%
796,6125,廣運,2014,0%,3.6%,0%,4.8%,89.6%,2%
797,1309,台達化,2014,0%,1.9%,0%,47.2%,50.9%,0%
798,1463,強盛,2014,0%,0.7%,1.1%,23.4%,74.8%,0%
799,2414,精技,2014,0%,20.2%,0%,7.4%,72.4%,0%
801,8249,菱光,2014,0%,2.3%,0.4%,30.5%,66.8%,0%
802,3479,安勤,2014,0%,1.4%,1.4%,20.3%,76.8%,0%
803,2365,昆盈,2014,0%,6.5%,0%,11.2%,81.8%,0.4%
804,3052,夆典,2014,0%,1.6%,2.1%,19.9%,76.4%,0%
805,6411,晶焱,2014,0%,21.8%,10.9%,29.3%,37.9%,0%
806,6024,群益期,2014,0%,0.2%,0.4%,63.2%,36.3%,0%
807,6195,詩肯,2014,0%,47.4%,0%,8.9%,43.6%,0%
810,3624,光頡,2014,0%,4.4%,2.4%,40.4%,52.8%,0%
811,2235,謚源,-,0%,0%,0%,0%,0%,0%
812,2906,高林,2014,0%,3.2%,0.9%,39%,56.9%,0%
813,6509,聚和,2014,0%,5.2%,1.9%,6.6%,85.7%,0.6%
814,2486,一詮,2015,0%,4.3%,2%,3.1%,90.6%,0%
815,4702,中美實,2014,0%,64.4%,0.9%,15.3%,19.5%,0%
816,2359,所羅門,2014,0%,2.8%,0%,6.1%,91.1%,0%
817,6136,富爾特,2014,0%,4.8%,8.2%,4.3%,82.7%,0%
818,4971,F-IET,2014,0%,35.9%,1.7%,4.7%,57.7%,0%
819,5706,鳳凰,2014,0%,1.7%,6.6%,4%,87.7%,0%
820,6212,理銘,2014,0%,29.5%,0%,11.3%,59.3%,0%
821,6209,今國光,2014,0%,3.5%,6.6%,0.3%,89.5%,0%
822,3628,盈正,2014,0%,0.3%,0%,33.8%,65.8%,0%
823,3213,茂訊,2014,0%,3.5%,0%,9.6%,86.9%,0%
824,5480,統盟,2014,0%,4.8%,0%,52.5%,42.7%,0%
825,5474,聰泰,2015,0%,0.8%,0.1%,20.7%,78.4%,0%
826,6251,定穎,2014,0%,9.3%,4.1%,7.8%,78.7%,0%
827,8938,明安,2014,0%,4%,3.1%,26.5%,66.3%,0%
828,5285,界霖,2015,0%,0.3%,0.5%,18.4%,80.7%,0%
829,2636,台驊,2014,0%,12.7%,4.7%,18.8%,62.7%,1.2%
830,4417,金洲,2014,0%,0.5%,0%,18.9%,80.3%,0.3%
831,5272,笙科,2014,0%,0.5%,3.8%,18%,77.7%,0%
832,5514,三豐,2014,0%,0%,0%,58.2%,41.8%,0%
833,2022,聚亨,2014,0%,3.2%,0%,20.6%,76.2%,0%
834,3229,晟鈦,2014,0%,0.7%,0%,45%,54.4%,0%
835,5519,隆大,2014,0%,0.3%,0%,46.2%,53.5%,0%
836,2467,志聖,2014,0%,8.4%,0%,29.1%,62.5%,0%
837,1432,大魯閣,2015,0%,0.3%,0%,51.9%,45.7%,2.1%
838,1417,嘉裕,2014,0%,3.7%,5.2%,18.1%,73.1%,0%
839,1323,永裕,2014,0%,2%,4.2%,15.1%,78.6%,0%
840,4933,友輝,2014,0%,2.3%,0.9%,54.3%,41.1%,1.5%
841,3573,穎台,2014,0%,20.4%,1.9%,13.3%,64.5%,0%
842,5309,系統電,2014,0%,0.3%,2.5%,3.2%,94%,0%
843,3661,F-世芯,2014,0%,77.4%,0%,1.7%,20.9%,0%
844,3701,大眾控,2014,0%,3.7%,20%,60.4%,15.9%,0%
845,2405,浩鑫,2015,0%,9%,0.3%,4.4%,86.2%,0%
846,5607,遠雄港,2014,0%,2.5%,0.3%,50.1%,47.1%,0%
847,3299,帛漢,2014,0%,0.8%,1.3%,27.8%,70.1%,0%
848,6138,茂達,2014,0%,2.2%,1.5%,7.4%,86.9%,2%
849,1467,南緯,2015,0%,22.3%,0%,3%,74.7%,0%
850,2007,燁興,2015,0%,0.3%,0%,76.2%,23.6%,0%
851,8925,偉盟,2014,0%,4.2%,4.3%,1.9%,89.6%,0%
852,1817,凱撒衛,2014,0%,1%,6.8%,2.4%,89.8%,0%
854,3031,佰鴻,2014,0%,5.6%,0.2%,26%,68.2%,0%
855,1436,華友聯,2014,0%,0.4%,0%,54.8%,44.9%,0%
856,2008,高興昌,2015,0%,5.9%,0%,31.8%,62.3%,0%
857,6108,競國,2014,0%,5%,0.1%,0.4%,94.6%,0%
858,4129,聯合,2015,0%,3.2%,1.3%,6.2%,89.2%,0%
859,4974,亞泰,2014,0%,0.9%,0.8%,47.8%,50.6%,0%
860,8287,英格爾,2014,0%,7.3%,0.1%,7.8%,82.2%,2.6%
861,1595,川寶,2015,0%,1.5%,1.4%,29.8%,67.3%,0%
862,2616,山隆,2014,0%,0.9%,5.5%,36.9%,56.7%,0%
863,4205,中華食,2014,0%,0%,0%,7.3%,92.7%,0%
864,3068,美磊,2014,0%,2.5%,0.8%,40.2%,54.7%,1.6%
865,1236,宏亞,2015,0%,0.2%,3.9%,18%,77.9%,0%
866,4909,新復興,2014,0%,2.2%,5.4%,23.2%,69.2%,0%
867,4737,華廣,2015,0%,10.9%,0%,26.4%,62.6%,0%
868,9906,欣巴巴,2014,0%,17.4%,0%,55.2%,27.4%,0%
869,3167,大量,2014,0%,0.4%,0.5%,7.8%,91.3%,0%
870,9919,康那香,2015,0%,4.9%,0.8%,26.9%,67.4%,0%
871,2732,六角,2015,0%,25.2%,1.9%,42.5%,30.3%,0%
872,6219,富旺,2015,0%,0%,0%,78.4%,21.6%,0%
873,2924,F-東凌,2014,0%,39.1%,6.9%,0.3%,53.6%,0%
874,3559,全智科,2014,0%,2.4%,14.9%,20.2%,62.5%,0%
875,8077,冠華,2014,0%,1.1%,0%,33.8%,65%,0%
876,3040,遠見,2014,0%,16.7%,0%,14.6%,68.8%,0%
877,1725,元禎,2015,0%,0.2%,0%,93.9%,5.5%,0.4%
878,4722,國精化,2015,0%,4.8%,1.3%,16.6%,77.4%,0%
879,2423,固緯,2014,0%,1.3%,0%,7.1%,91.5%,0.1%
881,8240,華宏,2014,0%,6.8%,1.5%,43.8%,47.9%,0%
882,3551,世禾,2014,0%,6.5%,25.4%,14.8%,53.3%,0%
883,1713,國化,2014,0%,2.2%,0%,39%,58.9%,0%
884,2537,聯上發,2014,0%,0.3%,0%,32.5%,67.3%,0%
885,3680,家登,2014,0%,7.8%,1.3%,9.5%,81.4%,0%
886,3259,鑫創,2014,0%,26%,1.2%,11.5%,61.2%,0%
887,1762,中化生,2014,0%,1.2%,0%,43.5%,55.3%,0%
888,6238,勝麗,2015,0%,0.2%,0%,50.3%,49.5%,0%
889,3055,蔚華科,2014,0%,3.2%,0%,16.5%,78.6%,1.6%
890,3631,晟楠,2014,0%,37.5%,2.7%,29.4%,30.3%,0%
891,6508,惠光,2014,0%,0.1%,0.6%,34.8%,64.5%,0%
894,2338,光罩,2014,0%,7.6%,0%,28.7%,63.7%,0%
895,6131,悠克,2014,0%,3.4%,0%,15.7%,80.9%,0%
896,3144,新揚科,2014,0%,53%,0%,15.3%,31.7%,0%
898,3630,新鉅科,2014,0%,6.4%,2.5%,23.9%,67%,0.3%
899,4139,F-馬光,2015,0%,33.4%,0%,1.3%,65.2%,0%
900,5905,南仁湖,2014,0%,3.8%,0.1%,1.4%,94.4%,0.3%
901,1506,正道,2014,0%,0.5%,5.9%,30.7%,63%,0%
902,8403,盛弘,2015,0%,0.4%,4.4%,46%,46.7%,2.5%
904,2543,皇昌,2014,0%,0.1%,0%,45.1%,54.8%,0%
905,2461,光群雷,2014,0%,7.2%,1.4%,1.3%,85.3%,4.7%
906,2712,遠雄來,2014,0%,0.5%,0%,61.2%,38.3%,0%
907,5230,雷笛克,2014,0%,34.9%,2.6%,19.4%,43.1%,0%
908,2425,承啟,2014,0%,3.9%,0%,58.2%,37.9%,0%
909,3622,洋華,2014,0%,11.5%,0%,24.7%,63.7%,0%
910,2483,百容,2014,0%,1%,0.1%,16.1%,80.9%,1.9%
911,8107,大億科,2014,0%,1.4%,0%,43.4%,54.3%,0.9%
912,6207,雷科,2014,0%,1.4%,0%,21.8%,76.8%,0%
913,8933,愛地雅,2014,0%,0.6%,4.7%,16.9%,77.8%,0%
914,4755,三福化,2014,0%,33.1%,0.8%,25.7%,40.4%,0%
915,5215,F-科嘉,2015,0%,47.5%,0%,0.2%,52.3%,0%
916,6201,亞弘電,2014,0%,0.1%,0%,6.4%,93.5%,0%
917,6609,瀧澤科,2014,0%,52.4%,7%,3.1%,37.5%,0%
918,3694,海華,2014,0%,1.1%,6.1%,50.3%,42.4%,0%
920,3363,上詮,2015,0%,0.5%,0.6%,10.9%,88%,0%
921,5443,均豪,2014,0%,2.3%,2.5%,17.5%,77.7%,0%
922,1777,生泰,2014,0%,0%,0%,31.6%,68.4%,0%
924,5013,強新,2014,0%,0.1%,3.4%,11.9%,84.7%,0%
925,3294,英濟,2014,0%,7.4%,0.7%,32.8%,59.1%,0%
926,3587,閎康,2014,0%,1.9%,0.5%,42.8%,54.9%,0%
927,6173,信昌電,2014,0%,0.1%,0.7%,46%,52.7%,0.5%
928,3047,訊舟,2014,0%,3.6%,1.4%,5.8%,89.2%,0%
929,2431,聯昌,2015,0%,0.6%,0%,35%,64.3%,0%
930,6210,慶生,2014,0%,0.1%,0%,1.5%,98.4%,0%
931,4138,曜亞,2014,0%,0.7%,0%,55%,44.2%,0%
932,2462,良得電,2014,0%,1.3%,0%,14.2%,84.4%,0%
933,3528,安馳,2015,0%,10.6%,0%,0.9%,88.5%,0%
934,3623,富晶通,2014,0%,5.6%,16.1%,42%,36.3%,0%
935,3054,萬國,2014,0%,0.4%,0%,15.6%,84%,0%
936,6216,居易,2014,0%,3.6%,3.9%,0.1%,92.4%,0%
937,5465,富驊,2014,0%,0%,0%,62.5%,37.4%,0%
938,3094,聯傑,2014,0%,2.2%,0%,6.1%,89%,2.7%
940,6422,F-君耀,2014,0%,76.5%,0.2%,5.4%,18%,0%
941,8064,東捷,2014,0%,0.6%,0%,29.4%,70%,0%
942,4414,如興,2014,0%,4.7%,0%,22%,73.3%,0%
943,3164,景岳,2014,0%,0.9%,0%,0.7%,98.4%,0%
944,3494,誠研,2014,0%,10.1%,0%,9.9%,80%,0%
945,8066,來思達,2014,0%,40.2%,0%,20.7%,39.1%,0%
947,8096,擎亞,2014,0%,19.5%,0%,12.1%,68.5%,0%
948,3563,牧德,2015,0%,6.6%,1.1%,18.8%,73.5%,0%
949,4707,磐亞,2014,0%,0.1%,0%,63.2%,33.4%,3.3%
950,3338,泰碩,2014,0%,0.1%,0%,1.1%,98.7%,0%
951,1799,紅電醫,2014,0%,18%,0%,16.6%,65.3%,0%
952,4510,高鋒,2014,0%,4%,2.4%,25.5%,68.2%,0%
953,5395,圓方,2014,0%,4.3%,0%,47.7%,48%,0%
954,6179,亞通,2014,0%,1.3%,0%,28.5%,70.2%,0%
955,8924,大田,2014,0%,4%,0%,12.9%,83.1%,0%
956,6217,中探針,2014,0%,39.2%,1.1%,2%,57.7%,0%
957,2017,官田鋼,2014,0%,3.5%,0.7%,29.6%,65.9%,0.3%
958,3064,泰偉,2014,0%,0.1%,0%,12.8%,87%,0%
959,8905,裕國,2015,0%,0.3%,0%,57.5%,42.2%,0%
960,1597,直得,2014,0%,1.2%,0%,7.6%,91.1%,0%
961,8426,F-紅木,2014,0%,67.2%,0.3%,3.6%,29%,0%
962,1724,台硝,2014,0%,6.3%,0%,50.5%,43.1%,0%
963,1325,恆大,2014,0%,0.5%,0%,31.3%,68.1%,0%
964,3584,介面,2014,0%,3.2%,0%,10.2%,86.6%,0%
965,1259,安心,2014,0%,30.5%,1.6%,45.9%,22%,0%
966,2417,圓剛,2014,0%,6.6%,0%,3.4%,88.8%,1.2%
967,5426,振發,2014,0%,0.2%,1.3%,1%,97.5%,0%
970,4987,科誠,2014,0%,3.1%,13.7%,14.6%,68.5%,0%
971,8358,金居,2015,0%,3.4%,0.3%,42.3%,53.9%,0%
972,6404,F-通訊,2015,0%,40%,2.3%,12.4%,45.3%,0%
973,4533,協易機,2014,0%,1.5%,0%,15.3%,81.1%,2.1%
974,4430,耀億,2014,0%,2.3%,0.3%,14.9%,82.5%,0%
975,4175,杏一,2014,0%,0.1%,0.3%,38.3%,61.3%,0%
976,1783,和康生,2014,0%,6.7%,2.1%,34.3%,56.9%,0%
977,3218,大學光,2015,0%,1.1%,0%,2.6%,96.3%,0%
978,3687,歐買尬,2014,0%,2.9%,0%,21.3%,75.9%,0%
979,8443,阿瘦,-,0%,0%,0%,0%,0%,0%
980,6405,悅城,2014,0%,0.3%,0.2%,22.9%,76.6%,0%
981,3523,迎輝,2014,0%,17.6%,0%,25.9%,54.7%,1.9%
982,2443,新利虹,2015,0%,1.9%,0%,11%,87.1%,0%
983,3527,聚積,2014,0%,4.5%,5.2%,5.3%,85%,0%
984,3594,磐儀,2015,0%,0.4%,17.1%,5.8%,76.6%,0.1%
985,3141,晶宏,2014,0%,0.6%,6.3%,29.5%,63.3%,0.3%
986,3058,立德,2014,0%,2.9%,1%,13.2%,82.8%,0%
987,3323,加百裕,2014,0%,2%,0%,4.9%,89.1%,4%
988,3296,勝德,2014,0%,5.1%,10.4%,15.2%,68.1%,1.1%
989,2460,建通,2014,0%,1.2%,0%,53%,45.8%,0%
990,4905,台聯電,2014,0%,12.5%,0.3%,26.9%,60.3%,0%
991,4541,晟田,2014,0%,6.2%,10.7%,15.9%,67.2%,0%
992,3362,先進光,2014,0%,0.1%,0.6%,18%,81.3%,0%
993,1618,合機,2014,0%,1.2%,0%,42.3%,56.5%,0%
994,3332,幸康,2015,0%,0.1%,0%,2.1%,97.8%,0%
995,8054,安國,2014,0%,7.9%,6.5%,17.6%,62.9%,5.1%
996,1316,上曜,2014,0%,0.1%,0%,13.2%,86.8%,0%
997,3228,金麗科,2014,0%,1%,6.6%,4.4%,87.2%,0.9%
998,1731,美吾華,2014,0%,4.7%,0.2%,34%,61.1%,0%
999,1568,倉佑,2014,0%,1.6%,3.9%,47.1%,47.3%,0%
1000,3707,漢磊,-,0%,0%,0%,0%,0%,0%
1001,4908,前鼎,2014,0%,1.3%,2%,33.5%,63.2%,0%
1002,2904,匯僑,2014,0%,1.4%,0%,51.8%,46.8%,0%
1003,4133,亞諾法,2014,0%,11.4%,2.1%,16%,70.5%,0%
1004,1540,喬福,2014,0%,0.4%,0%,10.1%,89.5%,0%
1005,4916,事欣科,2014,0%,10%,2.7%,31.3%,56%,0%
1006,1727,中華化,2014,0%,4.6%,0%,5.8%,89.5%,0%
1007,5520,力泰,2015,0%,0%,2.7%,65.6%,31.7%,0%
1008,3390,旭軟,2015,0%,1%,8%,16.4%,74.6%,0%
1009,6152,百一,2014,0%,6.7%,0.2%,12.6%,80.4%,0%
1010,6194,育富,2014,0%,7.6%,1.4%,12.3%,78.7%,0%
1011,5284,F-jpp,2014,0%,70.8%,1.2%,8.7%,19.2%,0%
1012,9955,佳龍,2014,0%,1%,1.4%,10.6%,87%,0%
1013,1514,亞力,2014,0%,7.1%,0%,11.9%,81%,0%
1014,8048,德勝,2014,0%,0.8%,0%,21.2%,72.6%,5.3%
1015,4976,佳凌,2014,0%,0.1%,0.7%,30.4%,66.9%,1.9%
1016,3290,東浦,2014,0%,0.4%,9.1%,4.6%,85.9%,0%
1017,6234,高僑,2014,0%,6.3%,4.7%,21.2%,67.8%,0%
1018,6155,鈞寶,2015,0%,0.6%,6.8%,23%,69.6%,0%
1019,4207,環泰,2014,0%,0.4%,10.7%,27%,62%,0%
1020,3339,泰谷,2014,0%,14.6%,0.1%,46.2%,39.1%,0%
1021,1220,台榮,2014,0%,6.9%,0%,26%,67.2%,0%
1022,5206,坤悅,2014,0%,13%,0.2%,15.4%,71.4%,0%
1023,2413,環科,2014,0%,0.3%,0%,4.8%,94.9%,0%
1024,1784,訊聯,2015,0%,0.6%,0.9%,8.9%,89.5%,0%
1025,2516,新建,2014,0%,2.3%,0%,5.3%,88.1%,4.3%
1026,1410,南染,2014,0%,14.3%,0%,21.8%,63.9%,0%
1027,3455,由田,2014,0%,0.3%,4.6%,1.7%,93.4%,0%
1028,5491,連展,2014,0%,1%,0%,2%,97%,0%
1029,4956,光鋐,2014,0%,5.6%,0%,27%,67.4%,0%
1030,3038,全台,2014,0%,0.6%,0%,6.5%,92.9%,0%
1031,1539,巨庭,2015,0%,0.7%,0.7%,43.2%,55.4%,0%
1032,1566,捷邦,2014,0%,4.9%,0%,30.8%,64.3%,0%
1033,2546,根基,2014,0%,0.5%,0.1%,46.3%,53.1%,0%
1034,3029,零壹,2014,0%,0.3%,2.2%,4.6%,93%,0%
1035,6186,新潤,2014,0%,0%,0%,42%,58%,0%
1036,3466,致振,2014,0%,12.2%,0%,2.4%,83%,2.4%
1037,2380,虹光,2014,0%,13.8%,0%,6.7%,77.9%,1.5%
1038,2305,全友,2015,0%,13.8%,0%,34.7%,51.5%,0%
1039,1528,恩德,2014,0%,0.7%,0%,17.8%,81.4%,0%
1040,3579,尚志,2015,0%,0.2%,0%,58.9%,40.9%,0%
1041,8432,東生華,2014,0%,0.5%,2.2%,62.8%,34.5%,0%
1042,1414,東和,2014,0%,3.5%,0%,34.5%,62%,0%
1043,5439,高技,2015,0%,0.2%,0%,10.8%,89%,0%
1044,1465,偉全,2015,0%,0.4%,13.1%,7.3%,79.3%,0%
1045,3046,建碁,2014,0%,5.9%,0%,31.2%,62.9%,0%
1046,5601,台聯櫃,2014,0%,2.5%,0%,23.6%,73.9%,0%
1047,1730,花仙子,2014,0%,6.6%,3.7%,16.1%,73.6%,0%
1048,2488,漢平,2015,0%,1.4%,7.3%,23.6%,67.6%,0%
1049,4729,熒茂,2014,0%,0.1%,0%,47.2%,52.7%,0%
1050,3221,台嘉碩,2014,0%,0.1%,5.1%,11.7%,81.7%,1.4%
1051,1454,台富,2015,0%,0.4%,0%,22.5%,77.1%,0%
1052,5481,華韡,2015,0%,0.3%,0%,18.4%,81.4%,0%
1053,3526,凡甲,2014,0%,0.2%,0%,14.8%,84.6%,0.3%
1054,2442,新美齊,2015,0%,0.4%,0%,55.2%,44.5%,0%
1055,8074,鉅橡,2015,0%,0%,0%,16%,80.4%,3.6%
1056,4907,富宇,2014,0%,0.1%,78.2%,0%,21.7%,0%
1057,4924,F-欣厚,2014,0%,32.3%,0%,2.7%,65%,0%
1058,4721,美琪瑪,2014,0%,0.2%,1.3%,23.7%,74.8%,0%
1059,6220,岳豐,2014,0%,0.2%,0%,10.3%,89.4%,0%
1060,5317,凱美,2014,0%,0.2%,0%,4.3%,95.6%,0%
1061,8155,博智,2015,0%,0.1%,6.2%,48.1%,45.6%,0%
1062,3303,岱稜,2014,0%,0.2%,0.7%,4.6%,92.3%,2.2%
1063,3588,通嘉,2015,0%,8%,2%,9.8%,80.2%,0%
1064,1541,錩泰,2015,0%,9.7%,0%,10.4%,79.9%,0%
1065,6154,順發,2015,0%,0%,0%,42.8%,57.2%,0%
1066,1515,力山,2015,0%,0.9%,5.5%,10.4%,83.2%,0%
1067,4109,穆拉德,2015,0%,0.1%,0%,6.7%,93.2%,0%
1068,2375,智寶,2014,0%,10.1%,0%,22.8%,67.2%,0%
1069,3205,佰研,2014,0%,0.2%,0%,12.3%,87.4%,0%
1070,6506,雙邦,2015,0%,0%,0%,5.4%,94.6%,0%
1071,2064,晉椿,2014,0%,0%,12.7%,25.6%,61.7%,0%
1072,8032,光菱,2014,0%,0%,1.7%,56.4%,41.8%,0%
1073,6129,普誠,2014,0%,3.5%,0%,3.4%,93.2%,0%
1074,3169,亞信,2014,0%,0.1%,0%,17.7%,77.8%,4.3%
1075,3553,力積,2014,0%,4.7%,1.6%,8.9%,84.8%,0%
1076,8038,長園科,2014,0%,2.9%,0%,27%,70.1%,0%
1077,9958,世紀鋼,2015,0%,0.4%,0%,40.3%,59.3%,0%
1078,6175,立敦,2015,0%,0.2%,1.3%,37.6%,61%,0%
1079,3285,微端,2015,0%,0.8%,0.3%,21.8%,77.1%,0%
1080,3508,位速,2014,0%,23.6%,0%,6.6%,69.8%,0%
1081,2611,志信,2014,0%,1.3%,0%,58.6%,39.1%,1%
1082,6164,華興,2014,0%,1.2%,4.1%,2.4%,92.3%,0%
1083,5403,中菲,2015,0%,2.7%,0.6%,7%,89.7%,0%
1084,6215,和椿,2014,0%,5.8%,0%,18.2%,76%,0%
1085,3577,泓格,2014,0%,0%,0%,25.9%,74.1%,0%
1086,1470,大統染,2014,0%,0.2%,0%,29.6%,70.2%,0%
1087,8424,惠普,2014,0%,0.5%,0%,52%,47.5%,0%
1088,1469,理隆,2014,0%,0.1%,0%,44.1%,55.8%,0%
1089,6142,友勁,2014,0%,3%,0%,19.5%,75.8%,1.6%
1090,1468,昶和,2014,0%,1.9%,0%,51.3%,46.8%,0%
1091,5452,佶優,2014,0%,6.3%,0%,24.5%,66.1%,3%
1092,6208,日揚,2015,0%,0.6%,0%,5.9%,93.4%,0%
1093,3024,憶聲,2014,0%,2.7%,0%,14.1%,81.4%,1.8%
1094,8435,鉅邁,2015,0%,0.1%,0%,7.7%,92.2%,0%
1095,3310,佳穎,2014,0%,0%,0.1%,58.5%,41.4%,0%
1096,5603,陸海,2015,0%,7.4%,1.4%,11.8%,79.5%,0%
1097,6114,翔昇,2014,0%,0%,0%,71%,29%,0%
1098,1471,首利,2014,0%,3%,3.2%,14.9%,78.9%,0%
1099,4946,辣椒,2014,0%,42.9%,0%,6.2%,50.9%,0%
1100,8182,加高,2014,0%,51%,0.9%,0.8%,47.4%,0%
1101,4995,晶達,2014,0%,7.6%,0%,28.6%,63.8%,0%
1103,5355,佳總,2014,0%,0.3%,1.9%,2.6%,95.2%,0%
1104,2613,中櫃,2015,0%,0.4%,0%,54.9%,44.8%,0%
1105,4413,飛寶,2014,0%,6.1%,0%,6.6%,87.2%,0%
1106,1787,福盈科,2014,0%,2.6%,3.6%,12%,81.8%,0%
1107,6235,華孚,2014,0%,5.2%,0%,36%,58.8%,0%
1108,9902,台火,2014,0%,0%,0%,24.4%,75.5%,0%
1109,5523,豐謙,2014,0%,0%,0%,47.4%,52.6%,0%
1110,5704,老爺知,2014,0%,0%,0.2%,21.2%,78.6%,0%
1111,6292,迅德,2014,0%,0.3%,0%,45.6%,54.1%,0%
1112,3546,宇峻,2015,0%,0.4%,0%,17.5%,80.7%,1.5%
1113,3306,鼎天,2014,0%,1.4%,1.6%,41.7%,55.2%,0%
1115,8085,福華,2014,0%,0.1%,0%,47.5%,52.4%,0%
1116,3663,鑫科,2014,0%,3.7%,0%,54.1%,42.2%,0%
1117,9950,萬國通,2014,0%,0%,0%,24%,76%,0%
1118,4984,F-科納,2014,0%,61.7%,0%,1.2%,37.1%,0%
1119,2415,錩新,2014,0%,0.3%,0%,25.3%,74.4%,0%
1120,6243,迅杰,2014,0%,1.1%,0%,10.8%,85.4%,2.7%
1121,5703,亞都,2014,0%,14.6%,0%,17.5%,67.9%,0%
1122,3419,譁裕,2014,0%,5.4%,0.7%,3.7%,90.1%,0%
1123,3669,圓展,2014,0%,2.3%,0.7%,50.7%,45.1%,1.3%
1124,9928,中視,2014,0%,0%,5.6%,64.2%,30.1%,0%
1125,8059,凱碩,2014,0%,0.2%,0.6%,35.3%,62.4%,1.6%
1126,3315,宣昶,2014,0%,0.1%,0%,5.9%,94%,0%
1127,2399,映泰,2014,0%,22.5%,0%,7.2%,70.3%,0%
1128,4111,濟生,2014,0%,0.8%,0.1%,8.8%,90.2%,0%
1129,2702,華園,2014,0%,36.7%,0%,19.9%,43.4%,0%
1130,5014,建錩,2014,0%,0%,0%,10.2%,89.8%,0%
1131,6141,柏承,2015,0%,2.8%,0%,16.4%,80.1%,0.7%
1132,2427,三商電,2014,0%,2%,0%,52%,44.4%,1.6%
1133,3095,及成,2014,0%,3%,0%,7.8%,89%,0.1%
1134,3593,力銘,2014,0%,0.3%,0.2%,41.6%,58%,0%
1135,2596,綠意,2015,0%,0%,21.3%,37.8%,41%,0%
1136,1456,怡華,2014,0%,0.1%,0%,70.9%,29%,0%
1137,4973,廣穎,2014,0%,1.1%,10.8%,14%,74.1%,0%
1138,1742,台蠟,2015,0%,0.4%,0%,35.7%,64%,0%
1139,6163,華電網,2014,0%,1%,0%,8.7%,90.3%,0%
1140,4305,世坤,2014,0%,2.1%,0%,10.1%,87.8%,0%
1141,5498,凱崴,2014,0%,0.1%,0%,38.5%,61.4%,0%
1142,1599,宏佳騰,2014,0%,26.3%,0%,34.6%,39.1%,0%
1143,8099,大世科,2014,0%,0.1%,0%,59%,40.9%,0%
1144,3672,康聯訊,2015,0%,0.1%,9.2%,21.8%,68.8%,0%
1145,5438,東友,2014,0%,0.6%,4.3%,38.4%,56.8%,0%
1146,3666,光耀,2014,0%,3.9%,1%,48.8%,46.3%,0%
1147,1445,大宇,2014,0%,0.9%,0%,20.7%,78.4%,0%
1148,6603,富強鑫,2014,0%,0%,0%,6.4%,93.5%,0%
1149,8927,北基,2014,0%,0%,0%,20.3%,75.5%,4.1%
1150,5464,霖宏,2015,0%,0%,6.1%,9.8%,84.1%,0%
1151,3089,遠昇,2014,0%,1.1%,2.8%,9.7%,86.4%,0%
1152,1584,精剛,2014,0%,0%,10.8%,29.8%,58.2%,1.2%
1153,6237,驊訊,2014,0%,3%,0%,7.7%,89.4%,0%
1154,3489,森寶,2015,0%,0.6%,0%,67.8%,31.7%,0%
1155,3002,歐格,2014,0%,0.4%,0%,20.4%,79.2%,0%
1156,4953,緯軟,2014,0%,20.2%,0.7%,29.8%,49.3%,0%
1157,3093,港建,2014,0%,67.7%,1.2%,1.6%,29.5%,0%
1158,8033,雷虎,2014,0%,2.9%,0.5%,0.3%,96.3%,0%
1159,3675,德微,-,0%,0%,0%,0%,0%,0%
1160,3232,昱捷,2014,0%,3%,0.8%,2%,94.1%,0%
1161,8941,關中,2014,0%,1.3%,0.1%,61.1%,37.5%,0%
1162,3360,尚立,2015,0%,6.8%,0.5%,6.6%,86.1%,0%
1163,2528,皇普,2014,0%,3.3%,0.3%,60.4%,36%,0%
1164,6294,智基,2014,0%,0%,0%,15.7%,84.3%,0%
1165,4171,瑞基,2014,0%,15.5%,0%,20.9%,63.5%,0%
1166,1569,濱川,2014,0%,0.9%,0%,16.7%,82.4%,0%
1167,6231,系微,2015,0%,12.1%,0.1%,16.3%,71.6%,0%
1168,8043,蜜望實,2014,0%,0.1%,0.2%,30.6%,69.2%,0%
1169,2032,新鋼,2014,0%,1.1%,0.6%,12.5%,85.8%,0%
1170,5016,松和,2015,0%,0%,0%,1.2%,98.7%,0%
1171,5015,華祺,2014,0%,7.3%,4.7%,14.9%,73.2%,0%
1172,3548,兆利,2014,0%,2.5%,0.6%,23.4%,73.5%,0%
1173,6160,欣技,2014,0%,2.6%,0%,17.7%,78.6%,1.2%
1174,4173,久裕,2014,0%,0%,0%,69.8%,30.2%,0%
1175,2025,千興,2015,0%,0.8%,0%,17.9%,81.4%,0%
1176,4747,強生,2014,0%,0.5%,0%,0.6%,98.9%,0%
1177,1813,寶利徠,2015,0%,10.6%,0%,15.9%,73.6%,0%
1178,5251,天鉞電,2014,0%,0.2%,0%,19.2%,80.6%,0%
1180,1439,中和,2014,0%,60%,0%,0.6%,39.4%,0%
1181,1423,利華,2014,0%,0.9%,0%,35%,64.1%,0%
1182,6158,禾昌,2014,0%,0.7%,0%,6.9%,90%,2.3%
1183,1593,祺驊,2014,0%,0.8%,1.3%,7.7%,90.2%,0%
1184,1906,寶隆,2014,0%,0.2%,0%,62.7%,37.2%,0%
1185,3324,雙鴻,2014,0%,0.5%,0.2%,1.1%,98.3%,0%
1186,8418,F-必勝,2014,0%,81.2%,0%,2.7%,14.5%,1.6%
1187,4939,亞電,2014,0%,2.1%,3.7%,10.7%,83.4%,0%
1188,6123,上奇,2014,0%,0.2%,1.4%,34.8%,57.5%,6.1%
1189,3664,F-安瑞,2014,0%,56.7%,3.2%,4.2%,34.2%,1.8%
1190,3615,安可,2015,0%,1.8%,0%,24.9%,73.3%,0%
1191,6101,弘捷,2014,0%,0.1%,0%,63.2%,36.7%,0%
1192,1616,億泰,2014,0%,0.2%,0%,16.7%,83%,0%
1193,4950,牧東,2014,0%,27.3%,0%,4.4%,63.6%,4.6%
1194,3217,優群,2015,0%,0.1%,0%,23.5%,76.4%,0%
1195,1781,合世,2014,0%,4.4%,0%,0.2%,95.4%,0%
1196,6156,松上,2014,0%,4.1%,0%,47.4%,48.5%,0%
1197,8390,金益鼎,2014,0%,1%,0%,17.7%,81.3%,0%
1198,9929,秋雨,2014,0%,9.7%,0%,23.5%,66.8%,0%
1199,2453,凌群,2014,0%,0.2%,0.7%,11.6%,87.5%,0%
1200,3021,鴻名,2015,0%,0.3%,0%,41.2%,55.3%,3.2%
1201,4523,永彰,2014,0%,23%,0%,23.8%,53.2%,0%
1202,6218,豪勉,2014,0%,0.1%,2.2%,8.7%,89%,0%
1203,3027,盛達,2015,0%,0.5%,0%,5.7%,93.7%,0%
1204,5493,三聯,2014,0%,0%,0%,21.2%,78.8%,0%
1205,6233,旺玖,2014,0%,2.2%,0%,3.3%,92.7%,1.8%
1206,4728,雙美,2014,0%,0.1%,3.6%,0.7%,95.6%,0%
1207,5259,清惠,2015,0%,0.3%,1.2%,36.4%,62.1%,0%
1208,1474,弘裕,2014,0%,2.3%,0%,27.1%,67.7%,2.9%
1209,4433,興采,2014,0%,1.1%,3.2%,15%,80.7%,0%
1210,3191,和進,2014,0%,0.1%,0%,4.4%,95.5%,0%
1211,8374,羅昇,2014,0%,2.4%,0%,29.7%,68%,0%
1212,3550,聯穎,2014,0%,3%,13%,3.6%,80.4%,0%
1213,2342,茂矽,2014,0%,16.3%,0%,1.1%,82.6%,0%
1214,8084,巨虹,2015,0%,2.6%,0%,15.2%,82.2%,0%
1215,6117,迎廣,2014,0%,2.8%,0%,17.1%,80%,0%
1216,4706,大恭,2014,0%,30.6%,3.6%,5.4%,60.5%,0%
1217,2465,麗臺,2014,0%,14.3%,0%,0.6%,85.1%,0%
1218,2302,麗正,2015,0%,3.7%,0%,43.6%,52.7%,0%
1219,6126,信音,2015,0%,1.2%,0%,17.2%,81.5%,0%
1220,2038,海光,2014,0%,0.1%,0%,53.4%,46.5%,0%
1221,3050,鈺德,2014,0%,3.1%,0%,23.8%,67%,6.1%
1222,9935,慶豐富,2014,0%,6.3%,0%,9.6%,84.1%,0%
1223,5310,天剛,2014,0%,0%,0%,25.9%,74.1%,0%
1224,6135,佳營,2014,0%,0.4%,0%,55%,44.7%,0%
1225,2444,友旺,2014,0%,5.4%,0%,6.1%,88.5%,0%
1226,8940,新天地,2015,0%,8.1%,0%,28%,63.9%,0%
1227,8222,寶一,2014,0%,0.8%,6.6%,46.3%,46.3%,0%
1228,3325,旭品,2014,0%,0.1%,0%,4.2%,95.7%,0%
1229,2440,太空梭,2014,0%,9.6%,0.5%,20.2%,69.7%,0%
1230,1586,和勤,2014,0%,0.5%,8.6%,36.2%,51%,3.7%
1231,5902,德記,2014,0%,0%,0%,65.5%,34.4%,0%
1232,5302,太欣,2015,0%,1.3%,0.1%,29.1%,69.5%,0%
1233,4720,德淵,2015,0%,2.5%,0%,11.1%,86.4%,0%
1234,4972,湯石,2014,0%,1.3%,0%,16%,82.7%,0%
1235,5324,士開,2014,0%,21.2%,0%,26.6%,52.2%,0%
1236,1615,大山,2014,0%,0.1%,0%,40.7%,59.2%,0%
1237,8080,奧斯特,2014,0%,0.3%,0%,16.8%,82.8%,0.1%
1238,2321,東訊,2014,0%,4.3%,0%,64.8%,30.8%,0%
1239,2641,正德,2014,0%,0%,0%,51.9%,48.1%,0%
1240,3564,其陽,2014,0%,12.9%,0%,31.3%,55.8%,0%
1241,3512,能緹,2014,0%,0%,0%,17.6%,82.4%,0%
1242,3016,嘉晶,2014,0%,0.6%,0%,24.9%,74.5%,0%
1243,2726,F-雅茗,2014,0%,58%,0.2%,2.5%,39.3%,0%
1244,5209,新鼎,2014,0%,0.1%,7.8%,51%,41.1%,0%
1245,1735,日勝化,2014,0%,0.1%,0.1%,28.6%,68.4%,2.9%
1246,3092,鴻碩,2014,0%,0.1%,8.4%,13.6%,77.3%,0.6%
1247,6133,金橋,2014,0%,1.4%,0.1%,21.1%,69.7%,7.6%
1248,6248,沛波,2014,0%,1.3%,0%,52.7%,46%,0%
1249,6236,康呈,2014,0%,0.1%,0%,86.2%,13.7%,0%
1250,6127,九豪,2015,0%,0.3%,0%,2.8%,96.9%,0%
1251,5529,志嘉,2014,0%,7.5%,0%,71.4%,21.1%,0%
1252,4429,聚紡,2014,0%,1.9%,8.1%,17.9%,72.1%,0%
1253,8079,誠遠,2014,0%,0.4%,0%,4.9%,94.7%,0%
1254,5410,國眾,2014,0%,0.2%,0%,18.1%,81.7%,0%
1255,1258,F-其祥,2014,0%,88.6%,0%,0.2%,11.3%,0%
1256,6227,茂綸,2015,0%,0%,0%,67.3%,32.7%,0%
1257,6426,統新,2014,0%,5.9%,5.2%,59.3%,29.7%,0%
1258,3581,博磊,2015,0%,6.9%,0%,16.3%,76.8%,0%
1259,3531,先益,2014,0%,20.1%,0%,13.1%,66.8%,0%
1260,8088,品安,2014,0%,26.2%,0%,0.4%,73.4%,0%
1261,5701,劍湖山,2015,0%,1.2%,1.8%,24.2%,72.8%,0%
1262,6151,晉倫,2014,0%,0.6%,0%,8.4%,91%,0%
1263,8049,晶采,2014,0%,0.4%,0%,9.7%,89.4%,0.5%
1264,1529,樂士,2014,0%,0%,0%,31.2%,68.8%,0%
1265,5475,德宏,2015,0%,0.4%,0%,12.8%,86.9%,0%
1266,2424,隴華,2014,0%,0.1%,0%,50.9%,49.1%,0%
1267,1617,榮星,2014,0%,21.3%,0%,41.8%,37%,0%
1268,6265,方土昶,2014,0%,1%,0.9%,22.6%,72.6%,2.9%
1269,3118,進階,2014,0%,0%,0%,10.2%,89.8%,0%
1270,4534,慶騰,2014,0%,0.1%,1.7%,33.4%,64.8%,0%
1271,6266,泰詠,2014,0%,1.4%,0%,11.8%,86.8%,0%
1272,5460,同協,2015,0%,1%,0%,0.6%,98.4%,0%
1273,1235,興泰,2014,0%,0.1%,0%,42.9%,57%,0%
1274,3171,新洲,2014,0%,0%,0%,68.2%,31.8%,0%
1275,5878,台名,2014,0%,0%,0.1%,46.8%,53.1%,0%
1276,3312,弘憶股,2014,0%,21.3%,0%,6.5%,72.2%,0%
1277,2063,世鎧,2014,0%,0.2%,8.8%,29.8%,61.3%,0%
1278,6211,福登,2014,0%,82.1%,0%,0.1%,17.8%,0%
1279,1213,大飲,2014,0%,0.1%,0%,72%,28%,0%
1280,2916,滿心,2015,0%,21.2%,2.8%,11%,65%,0%
1281,3402,漢科,2014,0%,0.3%,0%,15.1%,84.6%,0%
1282,4127,天良,2014,0%,0.1%,0%,2.7%,97.2%,0%
1283,3432,台端,2014,0%,0.3%,0%,23.6%,76%,0%
1284,6264,富裔,2014,0%,0%,0%,28.3%,71.6%,0%
1285,3224,三顧,2014,0%,0.9%,0%,8.6%,90.5%,0%
1286,2482,連宇,2015,0%,0.4%,0%,29.4%,70.2%,0%
1287,3642,駿熠電,2015,0%,0.6%,2.2%,14.4%,81.3%,1.6%
1288,1524,耿鼎,2015,0%,0.3%,0%,8.2%,91.5%,0%
1289,6199,精威,2014,0%,5.1%,0%,54.7%,40.3%,0%
1290,4415,台原藥,2014,0%,0%,0%,7.5%,92.4%,0%
1291,6170,統振,2014,0%,5.2%,0%,6.7%,88.1%,0%
1292,5353,台林,2014,0%,0%,0%,18.3%,78.3%,3.4%
1293,8071,能率豐,2014,0%,11.4%,0%,37.9%,50.7%,0%
1294,8410,森田,2015,0%,0.5%,0%,36.7%,62.8%,0%
1295,8354,冠好,2014,0%,0.1%,0.1%,3%,96.9%,0%
1296,3438,類比科,2015,0%,0%,4.6%,6.8%,88.6%,0%
1297,8937,合騏,2014,0%,0.5%,0%,1.5%,97.1%,0.9%
1298,8147,正淩,2015,0%,0%,0%,24.7%,75.2%,0%
1299,2719,燦星旅,2014,0%,0.6%,0%,58.8%,40.6%,0%
1300,5384,捷元,2014,0%,7.2%,0%,21%,71.9%,0%
1301,5328,華容,2014,0%,0.1%,0%,34.1%,65.2%,0.6%
1302,6161,捷波,2014,0%,0.3%,0%,20.2%,79.5%,0%
1303,6247,淇譽電,2014,0%,0%,0%,49.2%,50.8%,0%
1304,3684,榮昌,2014,0%,0.1%,0.1%,39.7%,60.1%,0%
1305,3071,協禧,2014,0%,2%,5.1%,42.2%,50.7%,0%
1306,2434,統懋,2014,0%,1.5%,0%,6.6%,91.9%,0%
1307,5398,力瑋,2015,0%,4.1%,0%,21.7%,74.2%,0%
1308,2358,廷鑫,2015,0%,0.3%,0%,28.2%,71.5%,0%
1309,6432,今展科,-,0%,0%,0%,0%,0%,0%
1310,1472,三洋紡,2014,0%,7%,0%,9.4%,83.6%,0%
1311,4903,聯光通,2014,0%,0.3%,1%,13.7%,85.1%,0%
1312,2734,易飛網,2015,0%,8.3%,0%,51.9%,39.8%,0%
1313,4303,信立,2015,0%,0%,0%,17.3%,82.7%,0%
1314,6109,亞元,2014,0%,1.8%,0%,39.3%,58.9%,0%
1315,1613,台一,2014,0%,6.8%,0%,2.3%,90.9%,0%
1316,3536,誠創,2014,0%,0.4%,0%,45.7%,53.9%,0%
1317,1512,瑞利,2014,0%,0.5%,1.5%,8.2%,89.8%,0%
1318,6259,百徽,2014,0%,48.6%,0%,2.4%,48.9%,0%
1319,8201,無敵,2014,0%,4.2%,0.2%,41.8%,53.8%,0%
1320,5211,蒙恬,2014,0%,11.6%,0%,30.1%,58.2%,0%
1321,3308,聯德,2014,0%,0.1%,2.4%,23.1%,74.4%,0%
1322,6118,建達,2014,0%,0.2%,0%,43%,56.8%,0%
1323,4542,科嶠,2014,0%,6%,0%,34.6%,59.4%,0%
1324,3537,堡達,2014,0%,0.1%,0%,6.2%,93.7%,0%
1325,5202,力新,2015,0%,0.7%,0.7%,20.8%,77.9%,0%
1326,8929,富堡,2014,0%,0.3%,0%,26.3%,73.4%,0%
1327,5102,富強,2014,0%,0%,0%,9.6%,90.4%,0%
1328,6174,安碁,2014,0%,0.2%,0%,33.1%,66.7%,0%
1329,8289,泰藝,2015,0%,2%,4.7%,15.1%,77.4%,0.8%
1330,6130,基因,2014,0%,1.1%,0%,18.5%,80.4%,0%
1331,2061,風青,2014,0%,0%,0%,17.2%,82.6%,0.2%
1332,5255,美桀,2014,0%,0.9%,6.9%,65.4%,26.8%,0%
1333,6431,F-光麗,2014,0%,41.8%,12.2%,7.5%,38.4%,0%
1334,1721,三晃,2015,0%,0.6%,0%,17.9%,81.5%,0%
1335,3206,志豐,2014,0%,1.3%,0%,19.4%,78.2%,1.2%
1336,8935,邦泰,2015,0%,1.1%,0%,10.7%,88.2%,0%
1337,3276,宇環,2014,0%,0.1%,6.6%,48%,45.3%,0%
1338,5340,建榮,2014,0%,0%,0%,39%,61%,0%
1339,3535,晶彩科,2014,0%,0.2%,1.9%,1%,96.9%,0%
1340,3540,曜越,2014,0%,3.2%,0%,1.4%,95.5%,0%
1341,5276,F-達輝,2015,0%,77%,0%,4.4%,18.6%,0%
1342,3086,華義,2014,0%,0.1%,0.1%,1.5%,98.3%,0%
1343,3652,精聯,2015,0%,7.4%,2.1%,60.9%,29.6%,0%
1344,5484,慧友,2015,0%,2%,0%,10.6%,87.5%,0%
1345,8040,九暘,2014,0%,0.8%,0%,10.5%,84.2%,4.5%
1346,6165,捷泰,2014,0%,4.4%,0%,26.7%,68.9%,0%
1347,6270,倍微,2014,0%,0.1%,0.3%,7.8%,91.8%,0%
1348,2024,志聯,2015,0%,0.7%,0%,31%,68.3%,0%
1349,3011,今皓,2014,0%,0.1%,0.1%,0.2%,99.6%,0%
1350,2438,翔耀,2014,0%,0%,0%,0%,100%,0%
1351,3297,杭特,2015,0%,0%,1.9%,1.9%,96.2%,0%
1352,1324,地球,2014,0%,0.1%,0%,9.7%,90.2%,0%
1353,8921,沈氏,2014,0%,0.2%,0%,52.3%,47.5%,0%
1354,8913,全銓,2014,0%,0%,5.5%,32.8%,61.7%,0%
1355,3085,久大,2014,0%,32.3%,1.4%,0.4%,65.9%,0%
1356,6250,宇加,2014,0%,0%,0%,8.8%,91.2%,0%
1357,3354,律勝,2014,0%,0%,7.5%,67.6%,23.1%,1.8%
1358,5011,久陽,2014,0%,0.1%,0%,72.3%,27.7%,0%
1359,9962,有益,2014,0%,0%,3.6%,19%,77.3%,0%
1360,3373,熱映,2014,0%,0.4%,0%,33.6%,66.1%,0%
1361,8930,青鋼,2014,0%,0%,0%,25.5%,73.3%,1.2%
1362,8183,精星,2014,0%,1.2%,0%,31.9%,66.9%,0%
1363,1418,東華,2014,0%,0.9%,0%,27.9%,71.2%,0%
1364,3291,遠翔科,2015,0%,0.6%,0%,16.6%,82.7%,0%
1365,3122,笙泉,2014,0%,0.3%,5.4%,15%,76.3%,3%
1366,2718,桃園店,2014,0%,0%,0%,60.5%,39.5%,0%
1367,6171,亞銳士,2014,0%,0.1%,0%,48.5%,51.3%,0%
1368,6221,晉泰,2014,0%,0.6%,1.3%,8.5%,89.6%,0%
1369,4712,南璋,2014,0%,0.4%,0%,15%,84.6%,0%
1370,3018,同開,2014,0%,0.1%,0%,7.1%,92.8%,0%
1371,6204,艾華,2014,0%,0%,0%,54.6%,45.3%,0%
1372,4513,福裕,2014,0%,0.1%,0%,15.1%,84.8%,0%
1373,5321,友銓,2014,0%,0%,0%,81%,19%,0%
1374,3322,建舜電,2014,0%,0%,7.8%,15.9%,76.3%,0%
1375,2221,大甲,2014,0%,0%,0%,0.8%,99.2%,0%
1376,4121,優盛,2014,0%,0.1%,0%,6.6%,92.7%,0.7%
1377,6283,淳安,2014,0%,4.3%,0.3%,25.2%,68.5%,1.7%
1378,4716,大立,2014,0%,0.1%,0%,3.5%,96.4%,0%
1379,8420,明揚,2015,0%,0%,0.2%,73.7%,26.1%,0%
1380,6190,萬泰科,2015,0%,0%,0%,4.7%,91.9%,3.4%
1381,3230,錦明,2014,0%,0.3%,0%,23.5%,73.5%,2.7%
1382,8277,商丞,2014,0%,4.1%,0%,34.7%,61.2%,0%
1383,3499,環天科,2014,0%,0.1%,0%,0%,94.1%,5.8%
1384,8401,白紗科,2014,0%,0.4%,1.3%,6.2%,92.1%,0%
1385,1570,力肯,2014,0%,0.3%,4.6%,1%,94.2%,0%
1386,5291,邑昇,2015,0%,0%,0%,13%,87%,0%
1387,4711,永純,2014,0%,1%,0%,0.2%,98.8%,0%
1388,1443,立益,2014,0%,0.2%,0.3%,10.3%,89.2%,0%
1389,4529,昶洧,2014,0%,19.1%,0%,10%,70.8%,0%
1390,1435,中福,2014,0%,0.1%,0%,20.4%,79.5%,0%
1391,3317,尼克森,2014,0%,0.9%,1.1%,17%,80.9%,0%
1392,3483,力致,2014,0%,0.1%,3.9%,0.6%,95.4%,0%
1393,8053,巨擘,2015,0%,0%,0%,25%,75%,0%
1394,3025,星通,2014,0%,4.6%,0%,9.1%,86.3%,0%
1395,1441,大東,2014,0%,0.5%,0%,26.2%,71.2%,2.1%
1396,3128,昇銳,2014,0%,0.4%,0%,12.2%,87.4%,0%
1397,2724,F-富驛,2014,0%,62.9%,0.3%,2.1%,34.7%,0%
1398,6167,久正,2014,0%,3.3%,0%,18.7%,78%,0%
1399,2468,華經,2014,0%,0.1%,0%,64.4%,35.4%,0%
1400,3202,樺晟,2014,0%,0%,9.1%,4.3%,86.6%,0%
1401,1591,F-駿吉,2014,0%,44.8%,0.4%,0.9%,53.8%,0%
1402,3444,利機,2014,0%,8.9%,0%,12.2%,78.8%,0%
1403,3313,斐成,2014,0%,3.9%,0%,2.6%,93.5%,0%
1404,5383,金利,2014,0%,13.8%,0%,21.4%,64.8%,0%
1405,4714,永捷,2014,0%,0.3%,0%,26.3%,73.5%,0%
1406,1453,大將,2014,0%,0.2%,0%,29.6%,68.4%,1.9%
1407,4102,永日,2014,0%,1.2%,0%,21.7%,77.1%,0%
1408,4420,光明,2015,0%,0%,0%,62.7%,37.3%,0%
1409,6226,光鼎,2014,0%,0.6%,0%,4.7%,94.7%,0%
1410,2033,佳大,2014,0%,0%,1.9%,20.7%,77.4%,0%
1411,3236,千如,2014,0%,0.6%,0%,3.9%,95.6%,0%
1412,6275,元山,2014,0%,0%,0%,5.1%,94.5%,0.3%
1413,8409,商之器,2014,0%,0.1%,0%,28.8%,71.1%,0%
1414,3114,好德,2014,0%,0%,0%,19.9%,77.4%,2.7%
1415,5304,鼎創達,2015,0%,31.5%,0%,12.3%,56.2%,0%
1416,1449,佳和,2014,0%,0.1%,0%,28%,71.9%,0%
1417,6148,驊宏資,2014,0%,0.2%,0%,30.9%,68.9%,0%
1418,4550,長佳,-,0%,0%,0%,0%,0%,0%
1419,4304,勝昱,2014,0%,0%,0%,26.7%,73.3%,0%
1420,9949,琉園,2014,0%,0.1%,0%,2.2%,93.6%,4.1%
1421,2471,資通,2015,0%,0.3%,0%,6.1%,93.6%,0%
1422,6287,元隆,2014,0%,8.4%,0%,55.1%,36.5%,0%
1423,3268,海德威,2014,0%,0.2%,0%,10.8%,89%,0%
1424,3441,聯一光,2014,0%,0.4%,0%,7.5%,92.1%,0%
1425,1413,宏洲,2014,0%,0.3%,0%,17.5%,82.2%,0%
1426,6144,得利影,2014,0%,35.7%,0%,57.3%,7%,0%
1427,8111,立碁,2014,0%,0.1%,0%,4.8%,95.1%,0%
1428,4735,豪展,2014,0%,0%,0%,9.3%,90.7%,0%
1429,4160,創源,2015,0%,0%,0%,22%,78%,0%
1430,9960,邁達康,2014,0%,0.2%,0%,12.5%,87.3%,0%
1431,1333,恩得利,2014,0%,0.5%,13.6%,5.8%,80%,0%
1432,3066,李洲,2014,0%,0%,0%,24.8%,75.2%,0%
1433,3516,亞帝歐,2014,0%,4.2%,7.7%,24.6%,60.6%,2.9%
1434,2028,威致,2014,0%,1.4%,6.1%,15.6%,76.9%,0%
1435,6240,松崗,2014,0%,0%,0%,87.9%,12.1%,0%
1436,1526,日馳,2014,0%,0.1%,0%,35.3%,64.6%,0%
1437,5450,寶聯通,2015,0%,0%,0%,38.2%,61.8%,0%
1438,1516,川飛,2014,0%,0%,0%,26.6%,73.4%,0%
1439,3632,研勤,2015,0%,0.6%,0.3%,0.6%,95.4%,3%
1440,3646,艾恩特,2014,0%,18%,2.2%,5.7%,74%,0%
1441,1336,台翰,2014,0%,0.1%,3.6%,20.3%,74.5%,1.4%
1442,3252,海灣,2014,0%,6.4%,0%,36.8%,56.8%,0%
1443,6222,上揚,2014,0%,22.8%,0%,10.4%,66.8%,0%
1444,5212,凌網,2014,0%,0.2%,0%,7%,92.7%,0%
1445,3379,彬台,2015,0%,2.1%,0%,42.3%,55.6%,0%
1446,5344,立衛,2015,0%,0%,0%,71%,28.9%,0%
1447,6122,擎邦,2014,0%,1.8%,0%,15.7%,82.4%,0%
1448,6419,京晨科,2014,0%,21.5%,2.3%,21.9%,54.2%,0%
1449,5488,松普,2014,0%,2.2%,0%,0.3%,97.5%,0%
1450,3557,嘉威,2014,0%,0.1%,0%,4.4%,95.6%,0%
1451,5210,寶碩,2014,0%,0%,0%,20.8%,73.4%,5.8%
1452,9912,偉聯,2015,0%,16.8%,3%,1.2%,79%,0%
1453,8176,智捷,2014,0%,0.5%,0%,22.3%,77.2%,0%
1454,2230,泰茂,2014,0%,0%,0.3%,28.1%,71.6%,0%
1455,6134,萬旭,2015,0%,24.8%,0%,21.9%,53.3%,0%
1456,8171,天宇,2014,0%,0.8%,0.7%,10.9%,85.1%,2.6%
1457,1438,裕豐,2014,0%,0.4%,0%,21.1%,78.5%,0%
1458,1805,寶徠,2014,0%,0.1%,0%,10.8%,89.1%,0%
1459,8024,佑華,2014,0%,0.4%,0%,4.8%,86.6%,8.2%
1460,3284,太普高,2014,0%,0.3%,3.2%,5.5%,86%,4.9%
1461,3511,矽瑪,2014,0%,7.6%,0%,27.5%,64.9%,0%
1462,2491,吉祥全,2014,0%,0.1%,0%,9.7%,90.3%,0%
1463,3521,鴻翊,2015,0%,0%,0%,16%,84%,0%
1464,6228,全譜,2014,0%,0%,0%,50.2%,49.8%,0%
1465,3043,科風,2014,0%,3.8%,7.7%,0.8%,87.6%,0%
1466,8047,星雲,2015,0%,1.2%,0%,24.4%,74.4%,0%
1467,1538,正峰新,2014,0%,1.1%,0%,4.2%,94.7%,0%
1468,6276,安鈦克,2014,0%,7.4%,0%,53.8%,38.2%,0.6%
1469,3522,宏森,2014,0%,0.5%,0%,8.8%,90.7%,0%
1470,1732,毛寶,2015,0%,0.9%,0%,15.5%,83.6%,0%
1471,2429,銘旺科,2014,0%,1%,0%,38.1%,60.9%,0%
1472,3625,西勝,2014,0%,12.3%,0%,1.8%,85.9%,0%
1473,5364,易福,2015,0%,0.1%,0%,46.8%,53.1%,0%
1474,6169,昱泉,2014,0%,0.1%,0%,0.3%,99.6%,0%
1475,5468,凱鈺,2014,0%,0%,1.9%,51.1%,47%,0%
1476,5345,天揚,2014,0%,0%,0%,2.1%,97.9%,0%
1477,3492,長盛,-,0%,0%,0%,0%,0%,0%
1478,3115,寶島極,2014,0%,0%,0%,0.7%,99.3%,0%
1479,2364,倫飛,2014,0%,0.4%,0%,14.3%,85.2%,0%
1480,6246,臺龍,2015,0%,0.1%,0%,16.3%,83.6%,0%
1481,8092,建暐,2014,0%,0.4%,0%,25%,74.6%,0%
1482,5487,通泰,2014,0%,0.2%,2.3%,23.8%,73.8%,0%
1483,2067,嘉鋼,2015,0%,4.9%,0%,37.1%,58%,0%
1484,8923,時報,2014,0%,3.5%,0%,62.1%,34.4%,0%
1485,5381,合正,2014,0%,0.4%,0%,0.3%,99.3%,0%
1486,6113,亞矽,2014,0%,11.1%,0%,1.7%,80.5%,6.6%
1487,4503,金雨,2014,0%,0.5%,0%,22.9%,76.6%,0%
1488,3067,全域,2014,0%,30%,0%,38.8%,31.2%,0%
1489,1475,本盟,2014,0%,0.1%,0%,81.6%,18.4%,0%
1490,6150,撼訊,2015,0%,0.1%,0%,0%,99.9%,0%
1491,5314,世紀,2014,0%,0.1%,0%,22.4%,77.5%,0%
1492,8932,宏大,2014,0%,0%,0%,39.4%,60.5%,0%
1493,5455,訊利電,2014,0%,0%,0%,12.2%,87.8%,0%
1494,6229,研通,2014,0%,2.8%,0%,8.4%,88.9%,0%
1495,5906,F-台南,2015,0%,57.7%,0%,14.4%,27.9%,0%
1496,8097,常珵,2014,0%,0.6%,0%,12.7%,86.7%,0%
1497,6241,易通展,2014,0%,0%,0%,67.8%,32.2%,0%
1498,3567,逸昌,2015,0%,0%,0%,14.5%,85.2%,0.3%
1499,3188,安茂,2014,0%,0%,0%,22.1%,77.9%,0%
1500,8291,尚茂,2014,0%,0%,21.3%,39.4%,39.4%,0%
1501,3580,友威科,2015,0%,0%,0%,18.3%,81.7%,0%
1502,6103,合邦,2014,0%,1.4%,0%,55.2%,43.4%,0%
1503,6289,華上,2015,0%,0.2%,0%,25.7%,74.1%,0%
1504,4406,新昕纖,2014,0%,0%,0%,9.7%,90.3%,0%
1505,3288,點晶,2014,0%,1.8%,1.2%,1.7%,95.3%,0%
1506,8906,花王,2014,0%,0%,0%,32.1%,67.9%,0%
1507,5201,凱衛,2015,0%,0%,0%,3.4%,92.7%,3.9%
1508,3162,精確,2014,0%,0.7%,0.8%,4.3%,94.1%,0%
1509,4131,晶宇,2014,0%,0%,0%,0.9%,99.1%,0%
1510,6140,訊達,2014,0%,0%,0%,19.6%,80.4%,0%
1511,3431,長天,2014,0%,0.3%,2%,1.1%,96.6%,0%
1512,4154,F-康樂,2015,0%,64.8%,0%,0%,35.2%,0%
1513,8421,旭源,2014,0%,0.1%,0%,40.3%,59.5%,0%
1514,3073,普格,2014,0%,0%,0%,19.5%,80%,0.4%
1515,8034,榮群,2014,0%,0.1%,0%,15.9%,83.3%,0.6%
1516,8423,F-保綠,2014,0%,43.6%,0%,0%,56.4%,0%
1517,3219,倚強,2015,0%,0.2%,0%,41.9%,57.9%,0%
1518,5278,尚凡,2015,0%,47.9%,0%,11.5%,38.1%,2.5%
1519,8093,保銳,2014,0%,0%,0%,30.1%,68.4%,1.6%
1520,3287,廣寰科,2014,0%,0%,0%,50.8%,49.2%,0%
1521,3609,東林,2014,0%,2.8%,1.8%,24.1%,68.2%,3.1%
1522,3207,耀勝,2014,0%,9.7%,0%,3.4%,87%,0%
1523,5516,雙喜,2014,0%,0%,0%,22.3%,77.7%,0%
1524,3434,哲固,2015,0%,0%,0%,11.7%,88.3%,0%
1525,6225,天瀚,2014,0%,12.9%,0%,10.2%,76.9%,0%
1526,4502,源恆,2014,0%,0%,3.5%,43.6%,52.9%,0%
1527,4609,唐鋒,2014,0%,0%,0%,0%,100%,0%
1528,5432,達威,2014,0%,0%,0%,65.7%,34.3%,0%
1529,8082,眾星,2014,0%,2.3%,0%,30%,67.7%,0%
1530,5386,青雲,2014,0%,1.8%,0%,3.5%,94.7%,0%
1531,6198,凌泰,2014,0%,1.2%,0%,8.2%,90.6%,0%
1532,8934,衡平,2014,0%,43.1%,0%,44.1%,12.7%,0%
1533,2496,卓越,2015,0%,14.6%,0%,54.7%,30.8%,0%
1534,8087,華鎂鑫,2015,0%,0%,0%,9.3%,90.7%,0%
1535,6172,互億,2014,0%,0%,0%,19.6%,80.3%,0%
1536,8067,志旭,2015,0%,13.6%,0%,29%,57.4%,0%
1537,3465,祥業,2015,0%,19.6%,6.6%,1.1%,72.7%,0%
1538,8068,全達,2014,0%,9.5%,0%,50.3%,40.2%,0%
1539,3562,頂晶科,2014,0%,1.1%,0%,64.9%,33.9%,0%
1540,3555,擎泰,2015,0%,13.9%,0%,9.2%,76.9%,0%
1541,4402,福大,2015,0%,0%,0%,2.9%,97.1%,0%
1542,5205,漢康,2014,0%,0%,0%,2.7%,97.3%,0%
1544,4419,松懋,2014,0%,0%,0%,1.4%,98.6%,0%
1545,3629,卓韋,2014,0%,0%,0%,40.1%,59.9%,0%
1546,4530,宏易,2014,0%,5.9%,0%,15.7%,78.4%,0%
1547,2361,鴻友,2014,0%,0.1%,0%,9.8%,90%,0%
1548,6291,沛亨,2014,0%,5.5%,0.9%,1.5%,92.2%,0%
23,3474,華亞科,2015,1.1%,49.4%,2.7%,33.8%,13%,0%
127,5522,遠雄,2014,1.1%,18.8%,0.2%,66%,13.9%,0%
186,1503,士電,2014,1.1%,32.8%,1.9%,37.5%,26.6%,0%
201,2548,華固,2015,1.1%,29.2%,15.4%,16.4%,37.9%,0%
282,6504,南六,2014,1.1%,2.1%,2.4%,27.8%,66.7%,0%
390,9943,好樂迪,2014,1.1%,3.1%,0.5%,56.1%,39.3%,0%
437,6230,超眾,2014,1.1%,8.3%,3.8%,4.8%,82%,0%
467,2351,順德,2014,1.1%,4.8%,6.5%,1.3%,86.3%,0%
729,5234,達興,2014,1.1%,1.8%,8.3%,55.9%,33%,0%
71,9914,美利達,2014,1.2%,45.6%,3.4%,5.3%,44.5%,0%
267,3705,永信,2014,1.2%,14.6%,2.5%,9.1%,72.6%,0%
468,8070,長華,2014,1.2%,9.7%,3%,41.3%,44.8%,0%
511,6274,台燿,2014,1.2%,18.1%,21%,9.6%,50.1%,0%
551,1305,華夏,2014,1.2%,10.8%,0.6%,43.9%,43.5%,0%
689,3491,昇達科,2015,1.2%,1.9%,9.9%,14.7%,72.3%,0%
919,3032,偉訓,2014,1.2%,0.4%,4.2%,33.7%,60.6%,0%
62,2356,英業達,2014,1.3%,36.9%,1.6%,17.6%,42.6%,0%
109,8406,F-金可,2014,1.3%,91.1%,2.2%,0.2%,5.2%,0%
220,4105,東洋,2014,1.3%,6.7%,3.7%,22.1%,66.1%,0%
605,3617,碩天,2014,1.3%,2.1%,1.9%,44.4%,50.3%,0%
939,8928,鉅明,2015,1.3%,0.2%,3.7%,37.1%,57.7%,0%
49,1476,儒鴻,2014,1.4%,37.5%,3.8%,19.5%,37.7%,0%
69,2615,萬海,2014,1.4%,39.8%,2.1%,28.4%,28.3%,0%
213,6166,凌華,2014,1.4%,11.9%,6.4%,35.8%,44.4%,0%
270,2905,三商,2014,1.4%,9.2%,0%,51.2%,38.2%,0%
387,2034,允強,2014,1.4%,8.7%,4.9%,26.4%,58.6%,0%
596,2472,立隆電,2014,1.4%,2.7%,9.4%,2.7%,83.8%,0%
294,6202,盛群,2014,1.5%,17.7%,9.5%,19%,52.4%,0%
495,4526,東台,2014,1.5%,10%,2.5%,26.1%,59.4%,0.5%
592,8110,華東,2014,1.5%,18.4%,1.1%,39.5%,38.9%,0.6%
214,3376,新日興,2014,1.6%,14.6%,18.8%,3.9%,61.1%,0%
501,3653,健策,2014,1.6%,4.5%,3%,57.6%,32.8%,0.5%
154,2360,致茂,2014,1.7%,49.4%,13.9%,4.3%,30.7%,0%
177,1707,葡萄王,2014,1.7%,16.2%,6.1%,5.3%,70.7%,0%
188,2727,王品,2015,1.7%,6.1%,7.8%,19.2%,65.3%,0%
224,4960,奇美材,2014,1.7%,14.5%,2.9%,53.1%,27.8%,0%
279,2534,宏盛,2014,1.7%,8.5%,7.3%,37.1%,45.3%,0%
310,2450,神腦,2014,1.7%,8.2%,3.7%,63.6%,22.9%,0%
728,2480,敦陽科,2014,1.7%,6.1%,7.5%,2.4%,82.3%,0%
48,2887,台新金,2014,1.8%,33%,5.8%,18.2%,41.1%,0%
175,1710,東聯,2015,1.9%,6.3%,16.4%,51.4%,24%,0%
400,5203,訊連,2014,1.9%,16.2%,7.8%,25.6%,48.4%,0%
537,4979,華星光,2014,1.9%,2.3%,15.5%,8.7%,71.5%,0%
609,2430,燦坤,2014,1.9%,10.7%,3.4%,46.3%,37.7%,0%
30,2303,聯電,2014,1%,41.2%,6.2%,11.4%,38.6%,1.6%
59,5871,F-中租,2015,1%,71.1%,5.1%,3.5%,19.3%,0%
336,8131,福懋科,2014,1%,2.7%,2%,71.5%,22.8%,0%
368,1460,宏遠,2015,1%,4.6%,3.3%,47.9%,43.3%,0%
516,5243,F-乙盛,2015,1%,67.9%,2.7%,0.5%,27.9%,0%
691,3689,湧德,2014,1%,22.1%,17.3%,10.1%,49.5%,0%
903,4192,杏國,2014,1%,2%,1.1%,68.4%,27.4%,0%
94,3682,亞太電,2014,10.3%,5.7%,4.1%,33.7%,46.2%,0%
65,2610,華航,2014,10%,11.3%,3.8%,45.3%,29.6%,0%
209,2035,唐榮,2014,11.6%,0%,32%,50.5%,5.9%,0%
139,2393,億光,2014,12.2%,34.2%,12.9%,3.5%,37%,0.1%
401,8936,國統,2014,13.7%,3.2%,17.9%,9.2%,56.1%,0%
131,1789,神隆,2014,13.9%,9%,1.5%,62%,13.6%,0%
43,2801,彰銀,2014,15.4%,14.1%,31.1%,9.9%,29.6%,0%
157,4162,智擎,2014,16.1%,2.7%,13.1%,33.1%,35%,0%
63,5347,世界,2014,16.7%,25.1%,6.1%,42%,8.8%,1.1%
554,4142,國光生,2014,17.1%,10.4%,9.3%,28.5%,34.7%,0%
1543,5348,系通,2014,17.4%,0.2%,0%,18.3%,64.1%,0%
7,2881,富邦金,2014,18.9%,30.2%,4.5%,22.3%,24%,0%
17,2886,兆豐金,2014,19.3%,37.3%,18%,7.8%,17.5%,0%
32,2892,第一金,2014,19%,20.9%,19.5%,5.1%,35.5%,0%
421,2497,怡利電,2014,2.1%,12.4%,8.4%,2.7%,74.4%,0%
477,3704,合勤控,2014,2.1%,6.5%,2.9%,3.7%,84%,0.9%
184,9941,裕融,2014,2.2%,1.9%,11.8%,62.7%,21.5%,0%
35,2880,華南金,2015,2.3%,18.5%,33.8%,22.3%,23%,0%
72,3702,大聯大,2014,2.3%,30.2%,15.8%,7.6%,44%,0%
141,2392,正崴,2014,2.3%,26.6%,8.7%,19.4%,43%,0%
275,3450,聯鈞,2014,2.3%,19.7%,14.2%,16.4%,47.4%,0%
343,5009,榮剛,2014,2.3%,14.3%,10.5%,8.6%,63.8%,0.4%
370,2062,橋椿,2015,2.3%,19.5%,19.2%,16.8%,42.2%,0%
456,2420,新巨,2014,2.3%,3.7%,16.9%,1.6%,75.4%,0%
241,3698,隆達,2014,2.4%,11.3%,13.5%,34.9%,37.9%,0%
271,3552,同致,2014,2.4%,19%,14.1%,22.4%,42%,0%
22,4904,遠傳,2014,2.5%,27.5%,22.3%,43.8%,4%,0%
251,2504,國產,2014,2.5%,10.2%,3%,30.8%,53.5%,0%
357,1338,F-廣華,2014,2.5%,18.1%,7.4%,11.8%,60.2%,0%
396,6153,嘉聯益,2014,2.5%,12.5%,15%,4.7%,65.2%,0%
464,3356,奇偶,2014,2.5%,21.4%,13.2%,16.1%,46.8%,0%
600,4746,台耀,2014,2.5%,2.5%,6.3%,26.5%,62.1%,0%
44,2354,鴻準,2014,2.6%,19.4%,3.9%,37.6%,36.5%,0%
92,6239,力成,2014,2.6%,47.7%,8.2%,4.9%,34.6%,1.9%
99,6121,新普,2015,2.6%,45.6%,16.2%,13.7%,21.9%,0%
205,3036,文曄,2014,2.6%,21.9%,14%,5.6%,56%,0%
302,8016,矽創,2014,2.6%,22%,7.8%,6.9%,60.7%,0%
87,2834,臺企銀,2014,2.7%,14.9%,33.7%,10%,38.8%,0%
125,2903,遠百,2014,2.7%,18.5%,7.9%,43.6%,27.3%,0%
178,5483,中美晶,2015,2.7%,15.7%,3.3%,20.7%,57.6%,0%
880,5609,中菲行,2014,2.7%,8.3%,1.8%,7.1%,80%,0%
60,4958,F-臻鼎,2014,2.8%,77.2%,9.1%,1.8%,9.1%,0%
614,6143,振曜,2014,2.8%,1.8%,8.8%,14.6%,72%,0%
16,2311,日月光,2014,2.9%,75.7%,2.2%,7.1%,12.2%,0%
45,9904,寶成,2014,2.9%,58.1%,8.2%,13.8%,16.9%,0%
424,2402,毅嘉,2014,2.9%,14.1%,6.4%,8.6%,67.9%,0%
197,1907,永豐餘,2015,2%,17.2%,0.6%,32.5%,47.7%,0%
261,6279,胡連,2014,2%,8%,5.2%,10.8%,74%,0%
384,1447,力鵬,2014,2%,6.8%,2.2%,48.9%,40%,0.1%
481,6192,巨路,2014,2%,14.2%,13.6%,23.3%,46.8%,0%
624,3645,達邁,2015,2%,6.6%,5.8%,24.4%,61.2%,0%
13,2002,中鋼,2014,20.1%,13.9%,11.9%,9.2%,44.9%,0%
734,9931,欣高,2014,21.3%,0.2%,1.4%,42.9%,34.2%,0%
359,2851,中再保,2014,22.8%,2.6%,0.1%,59.5%,15%,0%
615,8908,欣雄,2014,23.6%,0%,0%,46.4%,30%,0%
510,8917,欣泰,2014,24.6%,0%,0.4%,12.1%,62.8%,0%
513,9918,欣天然,2014,25.8%,0.4%,3.2%,31.5%,39.1%,0%
589,4130,健亞,2014,27.6%,12.2%,0.1%,11.9%,48.3%,0%
239,8926,台汽電,2014,27.7%,5.1%,16.4%,11.4%,39.5%,0%
88,1722,台肥,2014,27.9%,23.2%,15%,4.2%,29.8%,0%
432,2617,台航,2014,28.6%,3%,2.9%,39.8%,25.6%,0%
134,6285,啟碁,2014,3.1%,19.4%,7.8%,35%,34.8%,0%
237,3035,智原,2014,3.1%,13.1%,16%,14.5%,53.2%,0%
75,2049,上銀,2014,3.2%,29.6%,12.1%,12.3%,42.7%,0%
287,3042,晶技,2014,3.2%,14.8%,10.5%,12.2%,59.2%,0%
317,3023,信邦,2014,3.2%,12.6%,14.4%,6.7%,63.1%,0%
383,8039,台虹,2014,3.2%,34.5%,8.6%,10%,43.6%,0%
76,3231,緯創,2014,3.3%,36.2%,2.1%,9.7%,48.6%,0%
393,2536,宏普,2014,3.3%,29%,7.2%,40.9%,19.7%,0%
126,3691,碩禾,2015,3.4%,4.9%,8.2%,55.5%,28%,0%
227,2383,台光電,2015,3.4%,30.4%,6.7%,12.6%,47%,0%
257,4532,瑞智,2014,3.4%,11.7%,14.3%,41.8%,28.8%,0%
386,2499,東貝,2014,3.4%,9.7%,0%,32.5%,54.4%,0%
47,1102,亞泥,2015,3.5%,19.5%,13.4%,45%,18.5%,0%
74,2603,長榮,2014,3.5%,28.2%,7%,10.7%,50.5%,0%
113,2204,中華,2014,3.7%,31.7%,6.6%,45%,13%,0%
189,5371,中光電,2014,3.7%,42.7%,6.2%,12.4%,34.9%,0%
428,2102,泰豐,2014,3.7%,7.3%,8.6%,17.4%,63%,0%
68,2915,潤泰全,2014,3.8%,23.2%,4.9%,49.1%,19%,0%
73,2201,裕隆,2014,3.8%,12.9%,4.7%,48.8%,29.7%,0%
89,6176,瑞儀,2014,3.8%,64.8%,11.4%,4.6%,15.4%,0%
19,1216,統一,2014,3.9%,45.3%,2%,12.9%,36%,0%
2,2317,鴻海,2014,3%,49%,5.7%,2.9%,39.5%,0%
561,1712,興農,2014,3%,12.1%,2.5%,3.9%,78.5%,0%
626,8042,金山電,2014,3%,13.8%,9.9%,38%,35.2%,0%
34,5880,合庫金,2014,30.6%,15.9%,3.2%,21.9%,28.4%,0%
306,2208,台船,2014,33.6%,5.9%,0%,18.1%,42.4%,0%
706,6183,關貿,2014,36.1%,0.9%,4.5%,18.8%,39.7%,0%
3,2412,中華電,2014,38.1%,14.7%,24.7%,2.8%,19.8%,0%
114,2609,陽明,2014,38.4%,14%,2.8%,6.6%,38.2%,0%
613,1737,臺鹽,2014,38.9%,5.7%,1.4%,3.4%,50.6%,0%
33,2885,元大金,2014,4.1%,32.5%,11.9%,27%,24.6%,0%
160,3037,欣興,2014,4.1%,22.9%,21.6%,19.3%,31.9%,0.2%
168,2441,超豐,2014,4.1%,8.7%,0.2%,50.1%,36.9%,0%
743,3163,波若威,2014,4.2%,6.4%,21.8%,10%,57.5%,0%
5,2882,國泰金,2014,4.3%,24.3%,4.1%,41.1%,26.3%,0%
148,1565,精華,2014,4.3%,46.8%,5.4%,5%,38.4%,0%
29,1402,遠東新,2014,4.5%,20.8%,13.9%,46.9%,13.9%,0%
484,6223,旺矽,2015,4.8%,28.4%,6.1%,12.2%,48.4%,0%
151,2867,三商壽,2014,4.9%,2%,0.6%,69.1%,23.3%,0%
366,2485,兆赫,2014,4.9%,8.8%,3.5%,3.4%,79.4%,0%
14,3045,台灣大,2014,4%,31.4%,12.9%,40%,11.8%,0%
147,2103,台橡,2014,4%,33%,13.8%,21.1%,28.1%,0%
594,1525,江申,2014,4%,0.1%,5.7%,78.1%,12.1%,0%
670,4726,永昕,2014,4%,1.6%,0%,37.1%,57.3%,0%
923,2901,欣欣,2014,43.2%,0.2%,0.4%,26.4%,29.9%,0%
470,2836,高雄銀,2014,45.4%,5%,2.6%,6.7%,40.3%,0%
110,2634,漢翔,2014,45.7%,8.7%,7.7%,1.7%,36.2%,0%
10,3008,大立光,2014,5.1%,40.3%,15.7%,0.2%,38.6%,0%
173,2006,東鋼,2014,5.2%,11.4%,17.3%,29.4%,36.6%,0%
52,3034,聯詠,2014,5.3%,52.8%,16.7%,7%,18.2%,0%
206,4915,致伸,2014,5.3%,42.9%,15.1%,1.9%,34.7%,0%
356,5478,智冠,2014,5.3%,13.5%,10.4%,4.4%,65.9%,0.4%
111,2606,裕民,2014,5.5%,13.4%,5.3%,45.4%,30.4%,0%
90,2448,晶電,2014,5.6%,49.2%,14%,13.4%,17.7%,0%
190,4733,上緯,2014,5.6%,2.2%,9.5%,5.8%,76%,0.9%
26,2105,正新,2015,6.1%,13.5%,8%,7.8%,64.7%,0%
541,3454,晶睿,2014,6.1%,13.9%,18.3%,15.7%,44.7%,1.4%
77,9945,潤泰新,2014,6.2%,17.7%,6.3%,46.8%,22.9%,0%
1,2330,台積電,2014,6.4%,77.8%,3.9%,3.1%,8.9%,0%
715,6245,立端,2014,6.4%,4.8%,27%,12.2%,49.7%,0%
187,1589,F-永冠,2015,6%,15.6%,15.3%,4.1%,59%,0%
260,5388,中磊,2014,7.1%,19.7%,15.2%,9.9%,48.1%,0%
95,6147,頎邦,2015,7.3%,47.2%,10.8%,17.4%,17.3%,0%
446,5471,松翰,2014,7.5%,13.6%,9%,8.6%,61.3%,0%
155,6269,台郡,2014,7.9%,8.2%,11.4%,12.3%,60.3%,0%
129,2449,京元電,2014,8.4%,48.4%,7.3%,3.2%,32.6%,0%
800,3257,虹冠電,2014,8.8%,2.8%,23.1%,7.6%,57.8%,0%
180,2355,敬鵬,2014,8%,20.7%,19.1%,4.1%,48.1%,0%
897,3004,豐達科,2014,9%,0.3%,0.5%,56.7%,33.5%,0%
